"","Id","SalePrice","residuals_sq","model"
"1",1,12.247694320221,1.91409573549259e-07,163314
"2",2,12.109010932687,4.52873197218868e-12,196218
"3",3,12.3171666930358,5.14282370131621e-05,40537
"4",4,11.8493977015914,0.00126815634737888,75622
"5",5,12.4292161968444,0.00505465939379296,21541
"6",6,11.870599909242,0.0145655552558317,171612
"7",7,12.6346030265693,1.28689478884329e-05,169351
"8",8,12.2060726455302,0.00284444101291263,67477
"9",9,11.7745202026587,4.96778647166209e-11,80390
"10",10,11.6784399034478,6.7714655417176e-13,186281
"11",11,11.7714361601217,2.33284109965347e-14,54262
"12",12,12.7512996960135,3.06596399604181e-14,148652
"13",13,11.8775685785581,0.000510040309299606,182059
"14",14,12.5407575715773,0.0520291503540903,94901
"15",15,11.9640010843304,0.00235770236579433,99086
"16",16,11.7905572015685,9.5694951536206e-11,57253
"17",17,11.9117015849276,1.35724943816533e-09,3028
"18",18,11.4075649493124,0.00302722801027962,19618
"19",19,11.9766594812024,0.00112518195286597,25078
"20",20,11.8422292121128,1.54265165969418e-08,177628
"21",21,12.6925031124614,4.30396823077103e-14,163321
"22",22,11.8451027773086,0.000474261385516177,47728
"23",23,12.3458345879053,1.1179720589462e-10,41468
"24",24,11.7745202026587,1.34031226824147e-05,176354
"25",25,11.9447078813958,0.000127825726646715,123758
"26",26,12.4541039123522,0.000808036755811829,92409
"27",27,11.8115474774603,4.38212086205256e-05,59402
"28",28,12.6313403809345,1.676752438176e-07,192957
"29",29,12.2428866186529,0.0138158745787074,97554
"30",30,11.1345890242503,1.09628799448904e-08,136066
"31",31,10.5966347330961,0.542680712685182,46985
"32",32,11.9140478236443,0.0127282955162832,68886
"33",33,12.1001564199386,0.000551416825295352,197829
"34",34,12.0167264737993,1.94610324381121e-13,101645
"35",35,12.5335762121686,2.3308313374213e-12,151827
"36",36,12.6410965558799,1.31127581301309e-12,174473
"37",37,11.8844890214027,0.000145998633392936,89930
"38",38,11.9381932003746,3.23483080059132e-14,105103
"39",39,11.5991031612113,0.0292031378255622,80313
"40",40,11.3144745262464,8.71572216620704e-14,121788
"41",41,11.982929094216,1.86709396075171e-09,191272
"42",42,12.0435537160324,7.47388955996078e-12,126502
"43",43,11.8775685785581,1.11006922612942e-10,154588
"44",44,11.7772109596156,5.91782616537692e-12,131744
"45",45,11.8565151693603,0.000605259210455939,106020
"46",46,12.6757637259376,2.43199754072109e-11,167393
"47",47,12.3870850123755,0.0276146423705796,137685
"48",48,12.4280154762679,6.31826000450775e-08,37238
"49",49,11.6351430976945,0.0266092548630093,20736
"50",50,11.7519423654407,0.000819054687421987,16183
"51",51,12.083905011556,9.91154537786276e-10,122555
"52",52,11.6483301019764,0.00310972520565418,75756
"53",53,11.6082356447746,6.47553256750207e-10,131687
"54",54,12.8609986132699,5.97422638456423e-11,78631
"55",55,11.7752897294377,7.1218489141273e-07,121760
"56",56,12.1034860567551,0.00155939409213133,62857
"57",57,12.0581525154536,0.0268614188240075,123219
"58",58,12.1884177102915,1.91053907900751e-07,164499
"59",59,12.9917534274931,2.79695223101059e-13,155296
"60",60,11.7352686961137,1.15127045928719e-09,165315
"61",61,11.9703503120091,4.76731143936799e-07,18085
"62",62,11.5228757958234,3.59523596629996e-07,95474
"63",63,12.2184951655287,1.40735776102215e-11,111861
"64",64,11.8493977015914,6.82935522825427e-13,109335
"65",65,12.2991075114974,0.00163368557105455,11781
"66",66,12.6666570528594,4.74366186541893e-13,120939
"67",67,12.1007121298723,0.0438844911971959,168749
"68",68,12.3282902782544,8.57496949000457e-10,168522
"69",69,11.289781913656,0.0069678580979905,55277
"70",70,12.3238556811866,0.0131643367959599,48613
"71",71,12.4049235042753,3.33833566434442e-06,160114
"72",72,11.7714361601217,0.0014806315016,87918
"73",73,12.1281111040605,5.90129172967668e-12,12253
"74",74,11.8837991283088,4.99843878020008e-07,73645
"75",75,11.5843154610569,2.77340176273598e-07,126048
"76",76,11.418614785499,1.11429455642405e-09,91590
"77",77,11.8185702377962,0.0153277322754303,70350
"78",78,11.7519423654407,1.41748993681125e-06,142433
"79",79,11.8240798936072,0.0023374882703809,182290
"80",80,11.6082356447746,5.06821321141299e-05,101954
"81",81,12.173032791452,1.8697128765624e-11,34915
"82",82,11.9414558460094,0.00977233895867891,135506
"83",83,12.4090134895269,7.88061132864347e-06,92409
"84",84,11.7479975871497,0.000383049415494031,37369
"85",85,12.0346910287746,4.58187978692482e-11,31102
"86",86,12.4684369099977,2.98321254759462e-06,24824
"87",87,12.0668105781967,1.47194743837317e-07,192692
"88",88,12.0106658491876,0.000512948508004954,53358
"89",89,11.3504065354725,2.19864005478673e-07,131366
"90",90,11.7248058240057,0.000352344375297646,78020
"91",91,11.6073261403917,0.00998374264894721,167715
"92",92,11.4988265405907,0.037144947375053,165671
"93",93,12.0045682693194,0.0250294869018705,71048
"94",94,11.8048485316793,0.0256071034411518,51100
"95",95,12.2295450017153,5.39547915153762e-05,162017
"96",96,12.1281111040605,5.08581859743136e-14,57229
"97",97,12.273731294004,0.00121626340206018,66660
"98",98,11.4589971229447,0.0277896789466659,128982
"99",99,11.3265958867787,4.9245718456963e-09,136871
"100",100,11.7671800113095,0.00189737700212914,192303
"101",101,12.2307652581205,5.51491602625813e-17,66261
"102",102,12.0895388292742,0.000272063638029033,16825
"103",103,11.6865762053166,5.77243472373457e-15,18866
"104",104,12.2005574648421,0.000106944447462678,160097
"105",105,12.0406082058026,0.000326027711795522,4755
"106",106,12.4292161968444,4.41054209557079e-06,164559
"107",107,11.5129254649702,1.81728979486262e-07,84206
"108",108,11.6526874073454,0.0109438177003126,17865
"109",109,11.6526874073454,1.17243279762098e-11,63613
"110",110,12.1547793511426,2.13928886909873e-08,138558
"111",111,11.8270060112765,0.00196697224131312,55607
"112",112,12.1007121298723,0.000813889985414134,60905
"113",113,12.8583197035179,4.06571431542273e-11,190729
"114",114,12.2876526325226,3.03594068211135e-14,122339
"115",115,12.4665119815881,0.000306396552951134,44439
"116",116,12.0782392740203,0.000734650506867847,38232
"117",117,11.8422292121128,0.00108755187454424,164948
"118",118,11.9511803959014,1.89261822046762e-07,45745
"119",119,12.6760762747759,0.0137228284037686,66368
"120",120,12.0075607293375,0.000267469169783328,119701
"121",121,12.1007121298723,0.002343343488151,137327
"122",122,11.5129254649702,0.000103410870529013,158859
"123",123,11.8204101647182,0.00377543239285203,96536
"124",124,11.944058319827,3.37890737520313e-16,36304
"125",125,12.106252310248,2.05085046908091e-12,117517
"126",126,11.3445068133453,0.00388017268317384,117512
"127",127,11.7597855429018,4.33016426743164e-12,109085
"128",128,11.3736633976367,7.72737610874393e-13,27279
"129",129,11.9511803959014,6.9680371715473e-14,122971
"130",130,11.9183905730784,0.000431837992600018,33271
"131",131,12.3282902782544,0.00101373144941517,179282
"132",132,12.4049235042753,0.00164411346316956,162302
"133",133,11.9233781145894,0.0010837182681426,110410
"134",134,12.3013828253345,7.50134186435087e-12,157073
"135",135,12.1007121298723,2.3632432377006e-05,174279
"136",136,12.0668105781967,0.000712498608549215,177810
"137",137,11.870599909242,8.83389138623277e-06,69829
"138",138,12.0494188354848,2.46067605187492e-08,21288
"139",139,12.3458345879053,0.00126639850773002,3790
"140",140,12.3523351525084,0.00320309791272493,156051
"141",141,11.6526874073454,0.00244788260848822,5145
"142",142,12.4684369099977,3.75811891362298e-12,147081
"143",143,12.0197430673387,0.0554245327076402,60810
"144",144,12.2258752728264,6.97789254730892e-05,8146
"145",145,11.7360690162844,0.061221827773726,160256
"146",146,11.7752897294377,0.0227109738633554,77611
"147",147,11.5617156291397,1.50570490855558e-07,149660
"148",148,12.3126823805884,3.83821359307363e-13,87333
"149",149,11.8565151693603,1.24205853516805e-12,23562
"150",150,11.6526874073454,5.14822961003757e-07,101426
"151",151,11.7117763237154,0.00836239227767064,177952
"152",152,12.8277291949399,0.00336238098094518,50531
"153",153,12.1547793511426,5.87446201528592e-09,79516
"154",154,12.3673407931263,0.000298798032615458,33978
"155",155,11.7360690162844,1.92197468006318e-07,31662
"156",156,11.2772031314492,0.00630449809765804,181469
"157",157,11.6036798282387,5.40902337786572e-16,116301
"158",158,12.5043236693312,4.046631074425e-11,13076
"159",159,12.4486265903642,0.00726744839135804,39458
"160",160,12.6760762747759,0.0189147763811193,36760
"161",161,11.9984332807519,3.21495418700429e-15,34305
"162",162,12.9299914847569,2.17451628654756e-12,135682
"163",163,12.3013828253345,0.000677185356738392,14669
"164",164,11.5444241320296,0.00214801425852938,166714
"165",165,11.9316357998284,6.01751908777468e-12,623
"166",166,11.7558716435806,8.70157965158244e-12,170699
"167",167,12.1547793511426,0.00145086562641075,75723
"168",168,12.6934986204678,1.15001198921174e-12,180056
"169",169,12.1199699464768,0.00401934853967537,197908
"170",170,12.3371009079366,3.85113735535185e-13,151703
"171",171,11.7636841833174,0.00136840112323266,85484
"172",172,12.2783933071098,0.00835580858307543,88685
"173",173,12.3842188309136,0.00333105039932839,25673
"174",174,12.0015054797889,0.00339842051094314,24824
"175",175,12.1226910365911,0.000610986003295968,159325
"176",176,12.4008167223227,0.0339463760317803,66099
"177",177,12.2596134124582,1.34935026602512e-10,146060
"178",178,12.0581525154536,1.20438942213079e-10,161303
"179",179,13.1260306447518,4.76878567322357e-10,54146
"180",180,11.5129254649702,2.61996402057875e-11,186486
"181",181,12.083905011556,0.000263167239166142,119702
"182",182,12.2065725205718,0.0836953667429546,178313
"183",183,11.6952470217642,5.98526512598793e-15,147921
"184",184,12.2060726455302,2.86290917358019e-06,107351
"185",185,11.7519423654407,1.45642474969997e-10,31195
"186",186,13.0710700830168,0.00143110992568521,70057
"187",187,12.0610468734799,0.000541634820774841,93004
"188",188,11.8130300574206,3.63586910692026e-06,168190
"189",189,11.9403933925547,0.00355177081582552,58965
"190",190,12.563747089802,9.56625869166517e-12,167967
"191",191,12.6603279178078,0.000261902944531025,84118
"192",192,12.1226910365911,3.25787372873941e-05,129434
"193",193,12.1652506510099,0.000161667426541611,114866
"194",194,11.7752897294377,0.0567349217879063,77782
"195",195,11.7519423654407,8.1341747655213e-06,72225
"196",196,11.9083402372249,4.56956707576774e-07,34610
"197",197,12.6503481262032,1.21230641973316e-10,168879
"198",198,12.3673407931263,2.65201355567338e-09,83158
"199",199,11.5521461781235,0.00108562854004917,65260
"200",200,12.5241626741533,3.96849347156035e-06,14468
"201",201,11.8493977015914,5.73320000967955e-11,6177
"202",202,12.0523385455881,0.000210425125331854,140253
"203",203,11.6262541502772,0.0194065935275072,166866
"204",204,11.9117015849276,0.000575687179533645,106907
"205",205,11.6082356447746,0.00892676907446443,191002
"206",206,12.1034860567551,5.22024796004454e-05,109265
"207",207,11.8768738928755,2.25248884829009e-13,30119
"208",208,11.8565151693603,0.00995882119714392,94238
"209",209,12.5317727851695,0.00232229169794343,7498
"210",210,11.8844890214027,0.00126693363102793,99325
"211",211,11.4927227576527,0.0062848216399563,92999
"212",212,12.1335019526953,0.00218224308589943,105921
"213",213,12.4398712298317,0.000200472491926257,121564
"214",214,11.9576112862317,0.00265011460528513,101486
"215",215,11.9938072123631,2.20293068199255e-13,128708
"216",216,11.808947661697,2.40710251112144e-12,86792
"217",217,12.2548628096996,4.410418775165e-07,47310
"218",218,11.580584113444,0.000797996528068473,20073
"219",219,12.6491546172096,0.0199010006934444,27068
"220",220,12.0271851854705,2.17886995048285e-08,146624
"221",221,12.230277334227,3.38766785997341e-13,188415
"222",222,12.2060726455302,0.00192089941498086,194690
"223",223,12.1001564199386,7.48701283826221e-15,108641
"224",224,11.4824662574855,0.0368998204918343,198096
"225",225,12.8642401071941,4.27943483459258e-11,192225
"226",226,11.6262541502772,5.31363644336075e-05,36589
"227",227,12.5776362019627,0.000283528307471891,32851
"228",228,11.5711943730942,1.3498604545929e-09,126247
"229",229,11.7360690162844,8.30408156221317e-06,5145
"230",230,12.16785143271,2.18595280709362e-11,129468
"231",231,11.9049675527463,0.00683222923901187,763
"232",232,12.9066918409288,7.18409750500656e-06,170223
"233",233,11.4563551134818,0.00100283668899875,11294
"234",234,11.7613468234687,1.96765202519162e-12,165178
"235",235,12.2853458264247,1.25556009108137e-12,7526
"236",236,11.4019939042629,0.00022507632088009,119465
"237",237,12.1308101610296,0.000320536784339028,81597
"238",238,12.1781874420406,0.00322016144348757,74298
"239",239,12.6698066617623,2.27567905930007e-08,36868
"240",240,11.6351430976945,0.00138669869882412,131331
"241",241,12.4780063610138,5.31001549279273e-05,108608
"242",242,11.6127707999399,0.00195771189076022,85486
"243",243,11.2772031314492,0.000432343992843536,180633
"244",244,11.6952470217642,0.000139854098198198,149332
"245",245,12.2307652581205,0.000201538728739759,12873
"246",246,12.3946247520748,0.00246976861135634,159715
"247",247,11.8277362048103,7.93698948678432e-08,90429
"248",248,11.8493977015914,1.10704554122315e-13,2102
"249",249,12.1007121298723,0.00553442032257149,197908
"250",250,12.5317727851695,2.2815283326579e-09,160603
"251",251,11.2450460198146,7.04998172728486e-13,40028
"252",252,12.3673407931263,0.00131915251934373,79869
"253",253,12.0610468734799,0.00146246632408725,75460
"254",254,11.9703503120091,5.37928818606372e-11,154669
"255",255,11.8844890214027,1.60687748783924e-16,33656
"256",256,12.3458345879053,3.55137386254871e-13,100959
"257",257,12.2428866186529,1.2619432316541e-08,112942
"258",258,12.3013828253345,0.00315444238359708,194707
"259",259,12.3523351525084,0.00258453248533347,196609
"260",260,11.4824662574855,2.9843839041876e-12,141564
"261",261,12.0782392740203,1.0467250910797e-09,110388
"262",262,12.5281561446993,0.00142587834554202,129878
"263",263,11.9250351157971,0.00150208267258495,79047
"264",264,11.7752897294377,9.46775867125842e-11,28933
"265",265,11.1982147201305,3.18811976520815e-10,48287
"266",266,12.0753943218881,6.79933184283632e-12,53160
"267",267,12.1281111040605,0.000233520718750483,69696
"268",268,12.0979304869105,3.27644041094146e-05,137085
"269",269,11.6994050319128,0.00828500113082019,28326
"270",270,11.9049675527463,0.000212618167980404,29965
"271",271,12.4912515877638,0.000295416092061102,106659
"272",272,12.3946247520748,3.76676787115135e-12,29146
"273",273,12.5776362019627,1.61770949528119e-10,24071
"274",274,11.8422292121128,0.031317744340008,197015
"275",275,11.7320609948869,1.24349135777083e-13,14025
"276",276,12.2307652581205,2.89774057516458e-09,6402
"277",277,12.2110601870412,4.27355903460532e-13,122509
"278",278,11.8565151693603,0.0344597949183178,23000
"279",279,12.9367516138114,1.3670924422867e-08,77145
"280",280,12.1652506510099,2.14836410511133e-15,161293
"281",281,12.3392914893164,0.000342230520247992,135471
"282",282,12.1281111040605,1.06288231990525e-12,134072
"283",283,12.2428866186529,4.66669810218252e-10,139540
"284",284,12.4073795022352,0.000478172741722777,112637
"285",285,12.096257779523,3.19505534909988e-11,190543
"286",286,12.0118809161657,4.60582273603163e-07,196201
"287",287,11.9766594812024,0.0206186899865481,51098
"288",288,11.3850920934603,0.00972697474966216,135010
"289",289,11.7117763237154,0.00114600956051139,76133
"290",290,11.9419443260321,1.65359472961719e-13,34597
"291",291,12.3597803701244,1.01546164188276e-12,142236
"292",292,11.8196746001392,0.0108850294942642,35156
"293",293,11.7829526021833,1.34145615276709e-11,47741
"294",294,12.3673407931263,3.26873835857376e-05,185136
"295",295,12.0257490913989,1.83501330814042e-08,145382
"296",296,11.8670972786908,1.11067238887619e-14,175548
"297",297,11.9316357998284,0.000303380586016545,77515
"298",298,12.3842188309136,1.82976195828756e-12,85929
"299",299,12.0725412529057,0.000370368196557669,75899
"300",300,11.9735098722995,0.00065232678200597,61010
"301",301,11.9640010843304,0.0236408242921609,56438
"302",302,12.4950039373824,3.35048480112743e-13,106853
"303",303,12.2307652581205,0.000540304804527223,143079
"304",304,11.9177236840907,2.14395807017918e-05,95139
"305",305,12.594730635322,0.00147191195776676,167333
"306",306,12.631013530139,1.2455139227804e-10,177122
"307",307,12.3238556811866,3.02922618451737e-12,187442
"308",308,11.4019939042629,0.0107546725726407,65227
"309",309,11.3205535723228,0.0334069284311787,61266
"310",310,12.7938593104323,2.59374781021598e-13,52622
"311",311,12.0173305209333,7.05044829956907e-06,2027
"312",312,11.7905572015685,2.35639489532638e-11,190307
"313",313,11.6944133410156,0.00055463246400462,93137
"314",314,12.8346813049525,1.2358936593859e-10,156855
"315",315,12.0895388292742,0.00401664309794508,69403
"316",316,12.1468532858702,9.62518047243278e-12,12840
"317",317,12.4684369099977,5.9250192614376e-10,68816
"318",318,12.5061772379805,0.000573741907332651,128557
"319",319,12.4684369099977,0.0129654312162422,104329
"320",320,12.1415341243926,5.79832310819405e-15,143117
"321",321,12.7444443677961,4.47758460063639e-13,11278
"322",322,12.7770521921159,1.13170273227651e-13,190068
"323",323,12.614865543731,0.0143591595551755,177102
"324",324,11.7454251112085,5.34371583092033e-13,30880
"325",325,12.3966930051388,1.40651900525192e-09,195757
"326",326,11.3736633976367,1.88763847705416e-07,12574
"327",327,12.6884987947745,0.0295403165984238,108600
"328",328,11.8862116747142,1.56788286469521e-12,131561
"329",329,12.2760650173502,0.0408750468437576,148758
"330",330,11.2644641056717,0.0013504620453176,180121
"331",331,11.6868787720937,0.00575653011465853,9561
"332",332,11.8422292121128,3.91568277847016e-05,103186
"333",333,12.5567295171433,2.66504856549411e-12,15460
"334",334,12.2404740722475,6.91861470297431e-11,5466
"335",335,12.1652506510099,0.000428436825424041,185766
"336",336,12.3412589180852,9.86241787622357e-11,192095
"337",337,12.8411298019654,7.08749347500748e-08,11033
"338",338,12.273731294004,2.0992320616606e-05,77051
"339",339,12.2184951655287,2.46811788595139e-08,129582
"340",340,11.9511803959014,0.00010623679120016,55241
"341",341,12.2204685258139,0.00523939630211333,162919
"342",342,11.3144745262464,5.26624759982836e-15,178593
"343",343,11.3793940723457,6.72060131028426e-11,61526
"344",344,12.4912515877638,2.57848599085004e-07,189073
"345",345,11.3504065354725,0.00143278356464769,22627
"346",346,11.8508252535826,0.000721925603547273,48272
"347",347,11.9283409039316,4.21601881775433e-10,43844
"348",348,11.9671807372478,0.00384803717357896,33716
"349",349,11.9447078813958,0.0465288992942412,12537
"350",350,12.9880408147445,2.90993087780869e-06,128860
"351",351,12.6699984672658,1.34151287064609e-11,164703
"352",352,12.1547793511426,2.24176332426336e-08,46871
"353",353,11.4616321705827,8.03497448004292e-07,144214
"354",354,11.5702505315895,0.000349425269635269,170952
"355",355,11.8493977015914,2.32604840033116e-12,168758
"356",356,12.0867258878976,4.79391722143044e-05,123059
"357",357,12.0610468734799,0.00156310532202682,107271
"358",358,11.805595078933,1.45982547960286e-12,88352
"359",359,11.7752897294377,1.92910952994392e-11,9895
"360",360,12.5425448821514,9.64401932697185e-13,80443
"361",361,11.9576112862317,1.81730605689542e-11,183150
"362",362,11.8844890214027,0.00949973931732214,115099
"363",363,12.1985443791094,0.194626811954959,172903
"364",364,11.6784399034478,8.96556478385013e-14,191043
"365",365,12.1547793511426,6.54316029441986e-10,8987
"366",366,11.8981878657609,0.00322718139900707,13017
"367",367,11.9766594812024,7.82694703030485e-08,166587
"368",368,12.0137007528827,0.00496924592018517,64705
"369",369,11.7905572015685,0.000903764034374907,106585
"370",370,11.9953516142145,3.34882519699409e-06,109522
"371",371,12.0575726372117,2.62395504304065e-14,93635
"372",372,11.8088137739691,0.00967720264576844,3384
"373",373,11.7360690162844,0.00109763631759264,191605
"374",374,11.7199396343546,0.00629706568215951,90812
"375",375,12.2991075114974,1.68710317562764e-06,55987
"376",376,11.0186291431554,0.00387634824503339,60490
"377",377,11.9049675527463,0.00804681496118367,50770
"378",378,12.7367008965923,0.0273276746996785,180982
"379",379,12.8852020343219,2.11541290259248e-10,144837
"380",380,12.0951410848229,1.22530990504525e-12,186684
"381",381,11.7519423654407,3.92831930189246e-13,95126
"382",382,12.1428665696264,2.65958312494165e-14,53789
"383",383,12.2713921116508,5.02425298866211e-15,123139
"384",384,11.2384886192685,9.48321914221642e-12,158963
"385",385,12.3883942023241,3.81403182008871e-09,83616
"386",386,12.1652506510099,4.09170626017927e-15,104015
"387",387,11.3022044336546,8.41701818224446e-12,126023
"388",388,11.7360690162844,0.00422675404808414,196901
"389",389,12.1600287070288,1.58223894101565e-11,88095
"390",390,12.9621946252515,8.19701391123237e-13,90848
"391",391,11.6868787720937,0.00650917612695541,144586
"392",392,12.2783933071098,2.66139102383728e-13,33503
"393",393,11.5759002641316,7.05033647090574e-12,67676
"394",394,11.5129254649702,0.00517217020530724,37369
"395",395,11.5991031612113,7.03092807607427e-13,76742
"396",396,11.7675676833438,8.57965012475503e-06,190615
"397",397,11.7199396343546,4.02791119738796e-14,36501
"398",398,12.0406082058026,0.00174002019514461,106325
"399",399,11.1124478983731,3.80908802003365e-05,193360
"400",400,12.3925522124728,0.0031559451040466,181787
"401",401,12.4110522262167,1.37360118226935e-12,53292
"402",402,12.0136401449855,0.00734713250265912,18690
"403",403,11.5898865061064,1.08085882760106e-13,72438
"404",404,12.4607148639038,9.00440824701841e-05,53080
"405",405,12.0317192583854,2.82163474684598e-12,185092
"406",406,11.9183905730784,6.29860910943623e-13,106680
"407",407,11.6526874073454,0.0118806176116965,5827
"408",408,12.083905011556,1.4162959976674e-12,491
"409",409,12.5425448821514,9.27494068000281e-13,61330
"410",410,12.7359653320134,3.17341906000619e-09,196500
"411",411,11.0020998412042,0.138184967264733,177409
"412",412,11.8844890214027,3.63416146579309e-12,170139
"413",413,12.3104326608544,2.40997796115091e-06,31497
"414",414,11.6526874073454,0.00206226612250034,17237
"415",415,12.3371009079366,9.53964856529936e-15,23581
"416",416,12.1069923678295,0.000270323234664931,176415
"417",417,11.9150516718129,0.00455877872040237,101257
"418",418,12.3842188309136,1.96866121132468e-11,161387
"419",419,11.7440371859336,0.017335804304516,179234
"420",420,11.8635823365834,0.000331982191981655,135393
"421",421,12.2370866990593,1.12533865184684e-12,171532
"422",422,12.2783933071098,2.18781087096331e-10,163211
"423",423,11.6351430976945,0.000780848495317606,139246
"424",424,12.6603279178078,5.67461452249351e-13,89590
"425",425,11.8422292121128,6.70553690646487e-13,135662
"426",426,11.8130300574206,0.00152791092149844,84754
"427",427,12.5245263766487,0.00233534713186851,48860
"428",428,11.5991765530135,1.2984978796907e-12,149884
"429",429,12.1828040185908,3.02082206592562e-12,16925
"430",430,12.0725412529057,1.08286511952755e-11,124028
"431",431,11.3551013797767,0.0333396602397455,19456
"432",432,11.2885311317544,0.0253162437902183,145196
"433",433,11.7158663089669,1.56488734145689e-13,89840
"434",434,12.106252310248,0.00105816108209209,75610
"435",435,11.3022044336546,3.03878670142779e-10,115716
"436",436,12.2643415536542,1.41786912642569e-13,79328
"437",437,11.6613454700885,5.7565662693937e-13,42570
"438",438,11.6868787720937,0.000904748828908857,106315
"439",439,11.4114462960204,3.27736717217635e-10,142751
"440",440,11.6082356447746,0.0399275791566354,58540
"441",441,13.2267233927286,1.77445553648319e-07,33744
"442",442,11.6784399034478,0.000525793219413252,104192
"443",443,12.0008917945901,0.0190909156686348,167372
"444",444,12.0581525154536,0.000212936107452703,59694
"445",445,12.2548628096996,8.65815729471126e-11,134103
"446",446,11.7558716435806,0.0104437764204814,85699
"447",447,12.1547793511426,0.000139346727935309,26319
"448",448,12.2055725204885,1.57440367430401e-10,11946
"449",449,11.6910716503537,8.00102220894048e-06,58844
"450",450,11.6952470217642,5.18192246216902e-08,39679
"451",451,11.6082356447746,5.73619435869586e-11,141254
"452",452,12.5425448821514,2.06132845644357e-07,14375
"453",453,12.2258752728264,2.66052424474782e-12,57161
"454",454,12.2548628096996,1.19085071190329e-13,183868
"455",455,12.1441972418121,1.93343248112988e-05,76229
"456",456,12.0753943218881,2.22355128754692e-10,94176
"457",457,11.4927227576527,6.50513709097276e-14,54569
"458",458,12.4529327234617,2.49658584004054e-05,24045
"459",459,11.9891596439666,1.41963936913059e-09,89766
"460",460,11.6082356447746,3.23193238080325e-12,119837
"461",461,12.4815619372163,1.25848088261058e-14,95698
"462",462,11.9511803959014,0.00650144654545758,169110
"463",463,11.0410480813427,0.365485314629382,176399
"464",464,12.1479137313566,0.0314355947179136,142440
"465",465,11.7280368445872,4.71087311161463e-13,122538
"466",466,12.0936875149354,1.30829204310574e-08,51655
"467",467,12.0257490913989,2.29779477677592e-12,45773
"468",468,11.8947807074393,1.03744304449902e-08,149623
"469",469,12.4292161968444,7.69961031083242e-05,92409
"470",470,12.1388638958367,5.27479882239909e-13,152457
"471",471,12.2643415536542,5.61745667163563e-13,90022
"472",472,12.1547793511426,3.19237673557195e-05,21880
"473",473,11.9049675527463,0.00112825354022115,119031
"474",474,12.9945300058944,0.0140909462493196,98744
"475",475,12.4332082181139,3.10496189788826e-16,26743
"476",476,11.7943379244084,1.23247489953276e-06,165861
"477",477,12.2496109475447,1.6723991863541e-11,121117
"478",478,12.8479265317026,1.82616908615781e-11,80030
"479",479,12.6014874177848,2.90441049559494e-09,186710
"480",480,11.40166982941,0.0250228396277618,122290
"481",481,12.6946526603488,1.46535689288282e-10,147938
"482",482,12.8320110763967,4.37472625671945e-13,59528
"483",483,11.9511803959014,7.31158435560665e-12,53999
"484",484,12.0076217068063,5.02402744424191e-14,98411
"485",485,11.7943379244084,2.57116251561055e-14,152713
"486",486,11.8981878657609,0.000141400143233141,139246
"487",487,11.9576112862317,0.000204136663498155,115384
"488",488,12.0725412529057,3.19417244310823e-10,72029
"489",489,11.982929094216,5.17855290799839e-09,46006
"490",490,11.3621025752356,2.51053375735677e-07,114821
"491",491,11.6526874073454,8.08422083888369e-12,31251
"492",492,11.7981044072039,0.016078202334153,3121
"493",493,12.0598033260287,9.96039023430651e-14,168450
"494",494,11.9511803959014,0.00497890717834649,22409
"495",495,11.4219060665831,0.0068058878935734,131623
"496",496,10.4602421081905,0.275877872633364,120018
"497",497,12.9715404876697,1.38003886085457e-11,1153
"498",498,12.1226910365911,0.0127299531386289,1246
"499",499,11.7752897294377,6.37558165063675e-14,152660
"500",500,11.6952470217642,4.38821845050874e-12,138552
"501",501,11.6351430976945,9.92738839415863e-09,15285
"502",502,12.3313828364956,0.000926076755385631,36129
"503",503,11.8493977015914,0.00175668504476554,151487
"504",504,12.5741819670946,2.17760336899725e-08,83777
"505",505,11.8981878657609,0.00427793297651944,63230
"506",506,11.7320609948869,2.50981518625731e-08,93293
"507",507,12.2783933071098,2.05278482080008e-12,183519
"508",508,12.2467346272491,0.0240061419429277,71748
"509",509,11.9891596439666,5.00406662409433e-13,9685
"510",510,11.7320609948869,0.00297757217357048,190533
"511",511,12.0130945085477,2.27081156971946e-13,64212
"512",512,12.2193096485622,0.00149005943505273,32787
"513",513,11.7745202026587,0.00144234111166955,44956
"514",514,11.805595078933,4.56169393481798e-08,192472
"515",515,11.4772982873271,0.00421366086955148,175795
"516",516,12.9063468682812,7.32841850379001e-14,2019
"517",517,11.9703503120091,0.0175342050810979,180536
"518",518,12.4874851049684,1.05841232892854e-08,35852
"519",519,12.2596134124582,0.000935755617396153,7353
"520",520,12.3630763943398,1.14168229885385e-13,198911
"521",521,11.5735500867867,1.88119711352357e-16,64646
"522",522,11.9183905730784,6.07206912208315e-18,78802
"523",523,11.9766594812024,7.0345594956229e-13,11360
"524",524,12.1267588388104,0.415301095366167,27345
"525",525,12.6627060402127,0.0052397715262349,196770
"526",526,12.0782392740203,5.94632035626378e-14,103860
"527",527,11.7905572015685,6.76402528852388e-15,132815
"528",528,13.0086592616321,7.54486779546856e-10,5136
"529",529,11.3621025752356,5.04069104127025e-14,95171
"530",530,12.2091877884303,0.0026984073319949,59189
"531",531,12.0725412529057,2.75500738799318e-07,119115
"532",532,11.7597855429018,1.88420363806019e-15,167562
"533",533,11.5852461265499,0.000511764019560365,191236
"534",534,10.5789797978574,2.70615566734355e-08,119888
"535",535,12.0895388292742,3.56716499981669e-05,163116
"536",536,11.5852461265499,0.000360578458961014,114821
"537",537,12.1441972418121,0.000234106739883034,121792
"538",538,11.6195352000285,0.000892434421191872,74775
"539",539,11.9703503120091,0.0112009423217573,188281
"540",540,12.5135573452781,0.00078800881854733,119833
"541",541,12.6603279178078,0.000332945590226848,24921
"542",542,12.4211840251471,2.45326030614723e-09,75930
"543",543,12.2702204653539,8.66241434162651e-12,66180
"544",544,11.7981044072039,1.03752050861608e-10,92245
"545",545,12.0988492847421,0.00207350596240761,62463
"546",546,12.3414772825364,3.08563023027939e-13,118514
"547",547,12.2548628096996,0.07092123801489,90002
"548",548,11.7714361601217,0.00161738174392117,115618
"549",549,11.7360690162844,5.71966921900078e-13,68545
"550",550,12.4799093111599,0.016369867605194,45123
"551",551,11.8493977015914,7.60457459794475e-05,20609
"552",552,11.6307085006266,3.05042262795616e-09,147660
"553",553,12.4509776886259,2.11176398509941e-10,114440
"554",554,11.5898865061064,6.27898055264054e-14,102726
"555",555,12.5567295171433,2.23832480941758e-05,38827
"556",556,11.6351430976945,0.00777401636727774,195781
"557",557,11.8565151693603,5.48898866944588e-13,15202
"558",558,11.5898865061064,6.93596973019108e-12,41107
"559",559,12.0725412529057,6.37763515516243e-09,105307
"560",560,12.3630763943398,0.0190737244902051,181555
"561",561,11.7076695417627,0.0825638362012648,198233
"562",562,12.0435537160324,9.53303742801639e-08,133402
"563",563,11.5898865061064,0.0017488356052768,166886
"564",564,12.1281111040605,0.000263745560657918,45591
"565",565,12.498742259493,0.00120134089885345,148313
"566",566,11.7597855429018,0.026358126233642,125362
"567",567,12.6915804613119,6.02831612431198e-11,91922
"568",568,12.273731294004,0.00012005500284595,67861
"569",569,12.665394426429,3.2769595729098e-12,97346
"570",570,11.8201160038101,0.0023735227868612,148715
"571",571,11.8677987869623,5.80183685381562e-11,24754
"572",572,11.6952470217642,7.41738374312908e-08,10152
"573",573,12.3216309861644,5.7197778453176e-05,16701
"574",574,12.0435537160324,2.66440061870804e-08,136894
"575",575,11.8422292121128,0.000201809738803619,130914
"576",576,11.6826682395573,6.3195075961048e-11,111369
"577",577,11.8844890214027,2.77317237892224e-12,97112
"578",578,12.0106658491876,6.36170076642857e-11,52034
"579",579,11.8913619006905,0.0171371784862898,120480
"580",580,11.7867621306,6.13895126812817e-13,22970
"581",581,12.1112123645062,0.0010013101875013,149577
"582",582,12.4423022003927,0.000671095776106829,78263
"583",583,11.6826682395573,2.2243543240364e-15,20199
"584",584,12.6915804613119,0.0420554021077871,157928
"585",585,11.7981044072039,6.60104786428089e-14,91890
"586",586,12.8209879778205,7.23766649643288e-13,183930
"587",587,11.7752897294377,2.22687192050528e-06,166490
"588",588,11.8277362048103,0.00645981649061863,1984
"589",589,11.870599909242,0.0736001109957044,83710
"590",590,11.2835123006424,0.0215731118214588,44458
"591",591,12.1329641737095,0.00190872577691894,20861
"592",592,13.0213268332266,1.39171644964588e-11,132634
"593",593,11.8350089641393,1.50134978415133e-13,135826
"594",594,11.8493977015914,5.39412514686697e-15,44505
"595",595,11.6082356447746,0.0003559970072015,31192
"596",596,12.672946381767,2.00856447203927e-07,99500
"597",597,11.6483650358641,1.68360844480209e-12,183381
"598",598,12.1766489841567,1.30102944111903e-09,44168
"599",599,12.2899541295109,0.00439818699968917,176588
"600",600,11.9250351157971,1.71960746280665e-11,18908
"601",601,12.5245263766487,4.41049367160133e-11,86435
"602",602,11.8565151693603,4.1567425543557e-12,41114
"603",603,12.3013828253345,1.47140321142384e-05,192483
"604",604,11.9250351157971,1.05590022158561e-10,75620
"605",605,12.3059179804999,4.84909210315804e-15,25229
"606",606,12.2307652581205,4.81909394617277e-09,163685
"607",607,11.9316357998284,0.000752290304735057,177810
"608",608,12.3238556811866,0.00740234002834401,159137
"609",609,12.7913561802142,0.0363368309067411,159706
"610",610,11.6826682395573,4.95817657258625e-11,74734
"611",611,12.6539584695223,1.85517902214822e-07,127421
"612",612,11.9049675527463,8.40220108948262e-13,144515
"613",613,12.4741895624871,2.64717568615622e-12,196798
"614",614,11.8981878657609,0.00675198073705184,78020
"615",615,11.2318879352371,1.9983039124433e-10,93087
"616",616,11.8313791960888,0.000294343399247542,182607
"617",617,12.1183337312222,7.86283570266383e-14,96456
"618",618,11.5664662318983,0.00142058837809182,122395
"619",619,12.6597340907337,2.94843812348392e-10,34544
"620",620,12.6280670555895,9.28679774726405e-06,41076
"621",621,11.1124478983731,0.000177047159855335,157333
"622",622,12.3883942023241,4.63019230506559e-13,98871
"623",623,11.8130300574206,8.66132644283508e-09,31061
"624",624,12.0346910287746,7.16552059341826e-13,75329
"625",625,12.0146094308189,4.73671992968753e-05,140211
"626",626,11.982929094216,4.61953707886334e-06,126272
"627",627,11.8486831606536,0.000474792865791845,72731
"628",628,11.9381932003746,5.83758472261239e-13,45096
"629",629,11.8130300574206,0.0322164812675565,173202
"630",630,12.0346910287746,0.00812403934021514,47945
"631",631,11.7280368445872,1.70516109784247e-12,45189
"632",632,12.2524790183443,4.4687634516695e-13,99088
"633",633,11.3205535723228,0.585953320823378,96921
"634",634,11.8451027773086,4.19204652083968e-13,32264
"635",635,11.8775685785581,1.15165665187377e-09,145602
"636",636,12.2060726455302,1.9297845816698e-11,119631
"637",637,11.0020998412042,1.62598726569008e-06,40601
"638",638,11.4403547721354,0.00147566610282287,130929
"639",639,11.3504065354725,1.76120779420346e-08,31182
"640",640,12.4858271275094,1.27421050993517e-11,22052
"641",641,12.5208833853702,1.36262172814004e-10,23282
"642",642,12.3282902782544,1.34894236316637e-11,7367
"643",643,12.7512996960135,0.0199857987936317,126192
"644",644,11.9316357998284,9.33775011880533e-13,153047
"645",645,12.8236284465392,9.88460012563211e-12,185762
"646",646,11.872346634577,0.00354555599244934,185369
"647",647,11.4957793061353,2.57304694634235e-13,30345
"648",648,11.9511803959014,6.53243284135994e-07,70128
"649",649,11.9511803959014,9.12814122926125e-12,104920
"650",650,11.3445068133453,0.000751404186438152,12182
"651",651,12.2353886998642,8.10751572598036e-14,46274
"652",652,11.5898865061064,2.35640411264629e-12,18405
"653",653,12.1600287070288,4.1908031717903e-12,186803
"654",654,11.8130300574206,3.05395582989144e-14,70158
"655",655,12.7656884334656,6.57750895590119e-12,67368
"656",656,11.3850920934603,0.0168823823395494,193330
"657",657,11.8879313655937,2.53618321272393e-09,182918
"658",658,11.9117015849276,5.35786900925032e-15,168803
"659",659,11.4876076569859,0.0882415952939074,59449
"660",660,12.0257490913989,1.98136501127277e-10,87192
"661",661,12.1955171315907,2.40764204821182e-09,149588
"662",662,12.9042073676012,2.71066405839082e-12,98883
"663",663,11.6082356447746,0.0192214918156046,6528
"664",664,11.8313791960888,1.86267327610095e-11,51785
"665",665,12.9551274580284,8.92810343587116e-11,39879
"666",666,12.3480061414188,4.61195416796555e-12,170
"667",667,11.7675676833438,0.220195966192352,192646
"668",668,12.173032791452,3.10195347772342e-05,37648
"669",669,12.0317192583854,5.65230905880668e-13,73918
"670",670,11.8313791960888,0.052306522382846,159372
"671",671,12.0639328783691,7.79990876136279e-10,68967
"672",672,11.5482926088075,0.00632287943986108,169185
"673",673,12.0137007528827,7.68846987464104e-14,22660
"674",674,12.4587749990859,2.18320384144554e-12,92566
"675",675,11.8493977015914,0.000699392942123296,65383
"676",676,11.9083402372249,0.00169419513602616,195849
"677",677,11.3736633976367,8.6713542064986e-08,18273
"678",678,11.6036798282387,3.91060409539765e-14,13694
"679",679,12.8279923168018,2.19611438381544e-10,123803
"680",680,11.7636841833174,3.69669422436051e-13,168285
"681",681,11.870599909242,0.00598318212802258,61108
"682",682,11.9793853224676,0.0654211696578768,142964
"683",683,12.0610468734799,2.51382659238298e-08,97341
"684",684,12.5602444592508,3.54183497791801e-13,72945
"685",685,12.3059179804999,1.63941822205738e-12,61059
"686",686,12.2428866186529,2.35597066686319e-13,129001
"687",687,12.336552511981,2.1017459982071e-12,53396
"688",688,11.9103584013811,7.43842500894866e-15,58054
"689",689,12.8790171187726,0.00396949887790818,36114
"690",690,12.1792151913603,0.00138123815666535,30631
"691",691,11.8565151693603,2.15194972209367e-13,103250
"692",692,13.5344730282312,2.79730853082184e-09,116787
"693",693,12.7218858108072,1.56464853979515e-11,131970
"694",694,11.5943211031742,7.58637364037531e-09,13883
"695",695,11.8600549960654,0.0100951756618069,184995
"696",696,12.0782392740203,1.97591629276703e-15,185098
"697",697,11.3963916487143,0.000671266956337291,193072
"698",698,11.7239964350502,0.00236278609068227,59713
"699",699,11.8386256046095,1.19921810321077e-10,5869
"700",700,12.1858699382127,2.08303456007945e-05,127952
"701",701,12.6523597481586,1.39361283734531e-14,93824
"702",702,11.8493977015914,3.97702955818609e-14,34847
"703",703,12.7991757088645,2.64006808350739e-11,137546
"704",704,11.8493977015914,4.100487045008e-11,3109
"705",705,12.2690474446916,6.44615031918877e-13,56987
"706",706,10.9150884642146,0.0288276002856077,156587
"707",707,12.618182296357,3.20091814485615e-11,45274
"708",708,12.4450895460007,0.000802604955616852,187511
"709",709,12.0981533033107,0.000177862445970849,82996
"710",710,11.6073261403917,0.00153235966774678,151724
"711",711,10.8589989975636,0.0827770984582848,170459
"712",712,11.5403071417114,4.39638679920337e-05,92288
"713",713,12.1495022940418,8.7653370796795e-13,161745
"714",714,11.7675676833438,0.0111662722969226,130747
"715",715,11.7791285057449,0.111397696982137,113000
"716",716,12.0137007528827,0.000204818374189878,196427
"717",717,11.979799201207,0.00812564143235748,99265
"718",718,11.9640010843304,2.4433164712208e-07,31093
"719",719,12.7396377562657,6.47882661714631e-15,83209
"720",720,11.7636841833174,3.67724209318966e-13,72108
"721",721,12.5245263766487,1.26557801080097e-09,93985
"722",722,11.870599909242,6.14275378530454e-13,3096
"723",723,11.7320609948869,0.000387851920671999,48509
"724",724,11.8130300574206,1.0975292425089e-08,98220
"725",725,12.6760762747759,5.26005845581599e-10,12812
"726",726,11.6994050319128,1.06777407122186e-08,104843
"727",727,12.3104326608544,4.66224261236125e-09,93734
"728",728,12.1781874420406,1.05834509421899e-12,145688
"729",729,11.6082356447746,0.0538841781017648,32158
"730",730,11.5424842672118,1.2589004915638e-13,7674
"731",731,12.3737034869141,3.25081501023382e-13,87756
"732",732,12.1415341243926,4.04250450011693e-12,13963
"733",733,12.3126823805884,1.33434538026657e-06,193500
"734",734,11.7860013850326,3.72368988632038e-08,197
"735",735,11.5898865061064,1.84224431943805e-06,39246
"736",736,12.0015054797889,1.60941540909399e-14,133244
"737",737,11.4457167152768,7.67448205851803e-05,160488
"738",738,12.3879774488278,4.70250827078884e-13,6748
"739",739,12.0951410848229,0.0561334952929728,67426
"740",740,12.1547793511426,0.00203082525703353,167081
"741",741,11.7905572015685,4.91654040846077e-12,8559
"742",742,11.8635823365834,7.18761911412575e-11,23464
"743",743,12.0951410848229,5.07403218166395e-05,113252
"744",744,12.0725412529057,7.95695678563913e-10,195488
"745",745,12.1007121298723,0.00350635497115955,61349
"746",746,12.6108708646506,9.81194361758509e-13,145003
"747",747,12.3715870840077,2.88839295666057e-16,8056
"748",748,12.4911726372789,0.00545423288368726,649
"749",749,12.4699741893166,1.50417570551504e-12,190311
"750",750,11.4927227576527,2.69024578070063e-12,89913
"751",751,11.4772982873271,7.95848346144267e-10,166730
"752",752,11.9953516142145,1.56261259546699e-07,197212
"753",753,12.2876526325226,7.3751887044802e-05,192178
"754",754,12.5263429075751,0.000149954086432177,54857
"755",755,11.9576112862317,7.1634512314132e-12,53750
"756",756,12.0581525154536,0.00826695449255332,27367
"757",757,12.2643415536542,0.000155173277391999,136138
"758",758,11.9760303525248,2.35915490971268e-12,54468
"759",759,12.0973732286068,0.00220204149535022,40740
"760",760,12.5776362019627,2.26209581361393e-07,189729
"761",761,11.7558716435806,1.53791548290786e-05,98002
"762",762,11.5129254649702,0.0217642056179278,186750
"763",763,12.2793231072698,0.00363564217860211,15932
"764",764,12.7278382093345,3.76003607021299e-10,53578
"765",765,12.5061772379805,1.55129913266423e-05,29094
"766",766,12.4842042571701,3.9475035007172e-14,84601
"767",767,12.1884177102915,1.25699409688234e-11,136019
"768",768,11.982929094216,0.0103354933805697,6222
"769",769,12.2869011981928,5.48823794677962e-06,41416
"770",770,13.1956138391439,0.00480634711697713,82859
"771",771,11.8122890421958,0.0125373358176777,56801
"772",772,11.5327280922664,2.55806168333603e-08,126868
"773",773,11.580584113444,0.0318835883540294,121661
"774",774,11.6483301019764,1.7037603695313e-13,131623
"775",775,12.8866410438833,0.0159957310837522,58599
"776",776,11.9953516142145,2.06316391683091e-08,162159
"777",777,12.3081778684673,1.58333220727917e-11,21674
"778",778,11.8670972786908,0.00227118726883478,78143
"779",779,11.8775685785581,7.55171607300438e-05,152024
"780",780,11.8130300574206,7.01464918900584e-12,5894
"781",781,12.0782392740203,0.000391562792021175,51294
"782",782,12.0776709307256,1.06888349133526e-15,195747
"783",783,12.1393985122622,4.64863569275457e-07,76960
"784",784,12.0167264737993,3.93281463582936e-12,95628
"785",785,11.7597855429018,0.000435022700097143,97224
"786",786,11.9922604216448,3.96347621667086e-15,31833
"787",787,11.8422292121128,3.35839987726215e-14,173588
"788",788,12.3587937325478,3.19637839608153e-09,136
"789",789,11.5889601512462,8.96615647490737e-13,108952
"790",790,12.1415341243926,0.000594392208140044,139014
"791",791,11.9841783136164,2.25612709237648e-08,102728
"792",792,11.8968263951626,3.06803230216144e-10,59242
"793",793,12.5053991575767,0.0112059791062877,137475
"794",794,12.3238556811866,2.68130303145869e-12,16026
"795",795,12.1781874420406,1.39506974335554e-11,17936
"796",796,12.0494188354848,2.82746112346782e-12,62173
"797",797,11.8740903141818,3.61071406005399e-10,73788
"798",798,11.6082356447746,9.06395263770576e-06,28326
"799",799,13.0919041699196,1.53184565611282e-10,170833
"800",800,12.0725412529057,0.00342315620210844,65039
"801",801,12.2060726455302,5.40738391862649e-12,132427
"802",802,11.6073261403917,0.000303261572720994,172834
"803",803,12.1495022940418,2.67661181467586e-08,95869
"804",804,13.2758275359155,0.0201021014566198,97742
"805",805,11.6784399034478,0.00330616527997414,122194
"806",806,12.3356964133237,0.00672679654206069,156016
"807",807,11.8167269193019,7.74209136154602e-05,52200
"808",808,12.3171666930358,0.0041098665950584,90808
"809",809,11.9826165453777,0.0290607245315388,69571
"810",810,11.5711943730942,8.63307182702717e-08,187077
"811",811,12.106252310248,7.08441476893287e-12,118863
"812",812,11.8810347865346,1.50199436235161e-10,23105
"813",813,10.9329819619041,0.21871384192048,145400
"814",814,11.9697172002437,4.52323191466402e-13,22135
"815",815,11.6613454700885,2.23308273533343e-12,145310
"816",816,12.3234111379474,0.000593220647310908,167232
"817",817,11.8277362048103,0.000957762582849651,36965
"818",818,12.5098740998618,6.64967997700244e-13,124992
"819",819,11.9511803959014,0.00393779881877056,69803
"820",820,12.3194013308372,2.88929396513043e-12,150041
"821",821,12.1172414318236,0.000696730842068476,71552
"822",822,11.4403547721354,0.000756298603747183,136066
"823",823,12.3238556811866,0.00456194026066837,194690
"824",824,11.8458198802436,2.42057672370604e-13,48277
"825",825,12.3570755190667,0.00247109225673831,119821
"826",826,12.8609986132699,2.40545261235776e-12,33605
"827",827,11.6036798282387,0.00767573029449605,102885
"828",828,12.1495022940418,1.84560553324982e-09,30307
"829",829,12.1281111040605,5.27745916249279e-07,129533
"830",830,11.9009052587374,6.17051559350926e-11,172541
"831",831,12.0197430673387,2.9245642298987e-13,107765
"832",832,11.9250351157971,6.21261048159349e-13,187051
"833",833,12.3758154201173,1.07902099096083e-11,9965
"834",834,12.0257490913989,5.20278625441345e-14,186816
"835",835,11.8490404949436,2.26575034718123e-08,85070
"836",836,11.7597855429018,0.00169139172682433,82692
"837",837,11.9414558460094,4.0148138341404e-05,167226
"838",838,11.5129254649702,0.000182446203806369,84302
"839",839,11.8775685785581,5.49272297368026e-05,10759
"840",840,11.7791285057449,2.87411508294032e-09,102614
"841",841,11.8493977015914,1.89783322233077e-11,49866
"842",842,11.9671807372478,0.00586724239344698,185669
"843",843,12.0719696610067,0.0115385731078911,14180
"844",844,11.8565151693603,0.00483508738574011,39267
"845",845,11.944058319827,8.5615824090163e-16,120042
"846",846,12.0494188354848,0.000437278513497886,53542
"847",847,12.2690474446916,1.55259801680534e-13,93469
"848",848,11.8018567568224,0.00132576874998527,107117
"849",849,12.3883942023241,1.12069183843807e-14,179188
"850",850,12.1388638958367,4.65550680010146e-11,110814
"851",851,11.7867621306,0.000166971292011839,7294
"852",852,12.2783933071098,0.00187994547935474,154634
"853",853,12.0076217068063,0.000823113719272714,187897
"854",854,11.9703503120091,1.62563333824561e-10,38411
"855",855,12.0435537160324,5.18276647711082e-05,195795
"856",856,11.7519423654407,0.00355305639962976,149949
"857",857,11.8981878657609,1.2897196650697e-12,16332
"858",858,12.0668105781967,0.00496931245512509,144781
"859",859,11.9316357998284,0.000257096949955167,170166
"860",860,12.4292161968444,3.87617718702768e-12,104052
"861",861,12.1545161586158,0.0209220502078782,17426
"862",862,11.7867621306,0.00978025647566891,111193
"863",863,11.9316357998284,9.64596222295177e-05,91424
"864",864,11.7943379244084,7.36340380947093e-15,103978
"865",865,12.4315335097995,0.0424448214203682,157031
"866",866,11.9083402372249,0.00306097017837761,169446
"867",867,12.4248064883557,4.1531173975035e-13,861
"868",868,11.7675676833438,3.55151408496516e-13,136389
"869",869,12.0376539939052,1.11577847035383e-11,30974
"870",870,12.3715870840077,8.54585697546656e-05,11543
"871",871,11.6036798282387,0.000583655960520339,63087
"872",872,12.2085695257288,0.000418605194914752,179565
"873",873,11.6613454700885,3.06887122314581e-08,115169
"874",874,11.7981044072039,1.94983092062736e-08,10598
"875",875,11.1049572266439,0.201001134729261,151724
"876",876,12.623061104073,2.32741047873009e-07,17336
"877",877,11.7924493497205,2.66460350883625e-10,114698
"878",878,12.7656884334656,6.98799756451246e-10,122674
"879",879,11.9049675527463,2.05737631799998e-13,84860
"880",880,11.8240798936072,4.48480785308452e-14,170308
"881",881,11.9640010843304,5.55572751249499e-16,189691
"882",882,12.1415341243926,0.0102045588123577,172760
"883",883,12.0895388292742,0.00117262112697353,98942
"884",884,11.6826682395573,4.74147296519249e-12,74702
"885",885,11.5129254649702,0.00732820792095105,85056
"886",886,12.7035090321771,0.00864445451304744,73990
"887",887,11.8844890214027,6.72882726647818e-10,86837
"888",888,11.8167269193019,0.00383259612096589,153010
"889",889,12.498742259493,6.74077799275863e-13,182846
"890",890,11.9150516718129,2.27632845021679e-10,98362
"891",891,11.7191262955541,3.13490838779914e-08,193677
"892",892,12.0581525154536,5.6252981906427e-12,59650
"893",893,11.9479493753199,1.73799607666878e-13,69784
"894",894,12.0137007528827,0.00163687985422753,44416
"895",895,11.6856847822605,1.6415261981328e-12,165698
"896",896,11.8493977015914,0.0143350486011398,64210
"897",897,11.5759002641316,0.00287733409022028,196790
"898",898,11.8702711838891,4.75873893698566e-12,178918
"899",899,13.3239269468631,0.0140598384403731,91962
"900",900,11.8130300574206,0.000111353550469636,29358
"901",901,11.6082356447746,5.62949796645281e-15,103249
"902",902,11.9381932003746,3.6165721660648e-10,28007
"903",903,12.1007121298723,1.08156829290054e-14,161115
"904",904,12.3883942023241,1.5692399712215e-11,5703
"905",905,11.740061037554,1.01265725450405e-05,181605
"906",906,11.7597855429018,3.37919402706269e-05,74501
"907",907,12.4490188241406,0.000265506318778444,110788
"908",908,12.4292161968444,9.17165154801236e-10,96723
"909",909,11.7829526021833,5.08970477381795e-05,112225
"910",910,12.0668105781967,1.36754419585753e-13,165830
"911",911,11.9466540383513,1.43572833854769e-09,161272
"912",912,11.8740903141818,5.9754674102114e-12,129885
"913",913,11.3850920934603,0.0414558280590488,149411
"914",914,11.8844890214027,4.08886798023524e-12,166878
"915",915,12.0652749169136,0.0021370043589914,192997
"916",916,11.2252433925184,0.00204852754660038,84206
"917",917,10.4719498091105,0.0718877868477668,171502
"918",918,11.8130300574206,0.000125615649941337,125056
"919",919,12.3800259526536,7.26477676747766e-12,26405
"920",920,12.0810761553555,0.00607249196138904,30153
"921",921,12.2110601870412,7.696415671617e-16,161186
"922",922,11.8906767345109,6.46744617220827e-05,78880
"923",923,12.0434948907728,6.98961229871671e-09,190496
"924",924,12.170445467887,1.26079740336508e-12,187015
"925",925,12.2428866186529,2.72145317243825e-13,40547
"926",926,12.0725412529057,0.010863302617944,174154
"927",927,12.5602444592508,2.66687797956548e-06,115625
"928",928,12.0782392740203,0.000190727573623496,40354
"929",929,12.3737034869141,2.1337959884646e-14,48658
"930",930,12.3104326608544,0.0022009558175893,108077
"931",931,12.2110601870412,0.00785617976840133,178538
"932",932,11.6741936125664,0.000225434149545678,144627
"933",933,12.6760762747759,3.71805874204332e-13,75608
"934",934,12.1547793511426,0.000980996051487153,89389
"935",935,12.3966930051388,1.68664689722651e-10,24474
"936",936,11.2885311317544,0.00390901477169755,140283
"937",937,12.1275704173752,1.58576363065371e-09,33081
"938",938,12.4411447677097,0.00352558932217673,1173
"939",939,12.3875563514251,2.79857323715964e-05,115536
"940",940,12.4065615062796,0.00388134839888269,39283
"941",941,11.9243726447559,0.0155999831756534,28675
"942",942,12.273731294004,0.00420424688543925,1834
"943",943,11.9183905730784,0.00564683458294751,120000
"944",944,11.870599909242,1.50799149475397e-13,87016
"945",945,11.8313791960888,0.0201902528766625,41454
"946",946,11.7352686961137,0.0183940171849346,190193
"947",947,11.870599909242,0.000293830139020733,183614
"948",948,12.5061772379805,4.39546364213194e-12,180820
"949",949,12.16785143271,0.00268631026116645,56884
"950",950,12.1934938633233,3.28993710450533e-08,55101
"951",951,11.7675676833438,7.49209422458677e-06,85837
"952",952,11.6944133410156,5.34396635260432e-10,32638
"953",953,11.8048485316793,0.00377164780363295,141205
"954",954,12.0552497557956,5.52059179906434e-12,83640
"955",955,11.7558716435806,1.37595056745294e-13,138577
"956",956,11.8844890214027,0.00354968000324907,164183
"957",957,11.7280368445872,0.00655219101123762,82692
"958",958,11.7905572015685,0.000977253753330562,169957
"959",959,12.1281111040605,0.00181823310288574,67847
"960",960,11.9511803959014,4.26785486740335e-13,82631
"961",961,11.6656465519879,3.60811814421965e-15,161952
"962",962,12.5135573452781,3.54174346279353e-06,149367
"963",963,11.9511803959014,0.000141572250439027,195849
"964",964,12.3842188309136,0.00259379599856959,93952
"965",965,12.2779280826306,7.42790451307893e-05,46091
"966",966,12.0945822694968,1.48568244053547e-13,161317
"967",967,11.982929094216,0.020517933063722,51847
"968",968,11.8130300574206,2.64570982807462e-05,188857
"969",969,10.5427063910705,0.252307254035768,142879
"970",970,11.8493977015914,0.01918530651037,196585
"971",971,11.8130300574206,0.0790580450107002,180062
"972",972,12.0610468734799,0.0078388435514083,10834
"973",973,11.5079129231467,0.0145118151948718,189984
"974",974,12.1117619660589,0.00330440486888867,181687
"975",975,12.0287386302473,1.455664587301e-09,35859
"976",976,12.0137007528827,1.52896256837524e-12,86168
"977",977,11.3562716549249,2.456626002857e-10,122440
"978",978,12.2055725204885,1.26139989628331e-12,67454
"979",979,11.6082356447746,4.26528780732543e-09,85708
"980",980,11.8422292121128,2.79119396084174e-12,118300
"981",981,12.091783499128,4.93874632959296e-13,147388
"982",982,12.7248664389453,4.77304107571447e-11,125786
"983",983,11.9822726287897,0.00904883359118272,185145
"984",984,12.4525420221479,3.81566500587454e-12,78347
"985",985,11.7440371859336,3.03944062042868e-13,135377
"986",986,11.7360690162844,1.07950934545798e-08,62941
"987",987,11.6699292137799,0.0281448717971128,112240
"988",988,12.887127001736,2.14511869882578e-11,168500
"989",989,12.1807548375459,0.000127076737429784,20702
"990",990,12.1909590077201,3.73779981799844e-08,23683
"991",991,12.7599577587566,0.0104051287135369,4470
"992",992,12.0317192583854,7.16390695770121e-05,41813
"993",993,12.1388638958367,0.0106737531366297,8808
"994",994,12.0662357003424,2.54187240676892e-14,136094
"995",995,12.7293207892947,3.42016526183658e-12,117476
"996",996,11.7084922485142,6.56871743214535e-11,133439
"997",997,11.8240798936072,4.46867559900168e-14,174932
"998",998,12.1281111040605,1.42464506676106e-16,199952
"999",999,11.418614785499,0.000312813308391588,169185
"1000",1000,12.2356314477717,0.00135205756643503,102425
"1001",1001,11.3144745262464,0.000520203576015993,151415
"1002",1002,11.3621025752356,0.00668836976502538,167218
"1003",1003,12.3544926506484,4.54763217504395e-11,57811
"1004",1004,11.8270425336191,0.00236054037453178,128558
"1005",1005,12.106252310248,0.000816764402348499,174695
"1006",1006,11.9177236840907,0.00171750474228136,2656
"1007",1007,12.0045682693194,0.002556320172391,191836
"1008",1008,11.3850920934603,1.05602863998627e-07,40489
"1009",1009,12.3883942023241,5.29363125692678e-15,26604
"1010",1010,11.5327280922664,8.10019640774614e-14,188139
"1011",1011,11.8130300574206,1.38398412959263e-11,132315
"1012",1012,11.5129254649702,7.81425929132034e-07,157863
"1013",1013,12.0137007528827,0.0108461623380959,195126
"1014",1014,11.3504065354725,1.7902484147128e-10,175221
"1015",1015,11.6885580336134,0.000527248536681754,9775
"1016",1016,12.3327052964635,4.04190184953418e-13,84278
"1017",1017,12.2209612580239,8.77873039540092e-05,199426
"1018",1018,12.1415341243926,9.35749708954085e-12,135699
"1019",1019,11.982929094216,9.9276948290505e-08,182549
"1020",1020,12.2713452721464,0.00288759896002005,179922
"1021",1021,12.0782392740203,0.00763034775288077,1509
"1022",1022,12.1756134380455,5.13985975703659e-15,147108
"1023",1023,11.3736633976367,0.0123287755776306,12030
"1024",1024,12.1600287070288,3.15894852442466e-14,143115
"1025",1025,12.5672374947418,0.00412944022712167,61644
"1026",1026,11.6307085006266,0.00104723751514957,116017
"1027",1027,12.0287386302473,0.0168555080949015,160947
"1028",1028,12.5881906521085,1.67899317316681e-10,84570
"1029",1029,11.5617156291397,0.0223502148833921,5827
"1030",1030,11.6784399034478,0.00146194242789761,188927
"1031",1031,11.982929094216,7.18117656389201e-07,126232
"1032",1032,12.1909590077201,1.43212313258384e-09,13661
"1033",1033,12.6443275764613,3.36563135738987e-10,152908
"1034",1034,12.3458345879053,0.000320946491976425,123470
"1035",1035,11.6931615152732,0.0166052798720317,59354
"1036",1036,11.3385720778255,4.65587452121055e-10,92971
"1037",1037,12.6619139609634,5.9550839840528e-12,150179
"1038",1038,12.5672374947418,0.000410752886799927,103386
"1039",1039,11.4824662574855,2.58119906162323e-12,51226
"1040",1040,11.289781913656,0.00663712949742044,128836
"1041",1041,11.9511803959014,1.46587307844664e-06,137532
"1042",1042,12.0610468734799,0.000497786956346222,52282
"1043",1043,12.1858699382127,3.82959930993059e-13,163588
"1044",1044,12.4771679143776,0.000469658927000861,82628
"1045",1045,12.5353763926728,4.2493435068114e-13,81177
"1046",1046,11.8465364693104,0.0194845503294746,147610
"1047",1047,13.2295679916666,0.0311641315632663,189162
"1048",1048,11.8844890214027,0.000848352246223348,195340
"1049",1049,11.6526874073454,0.000406284303287577,70789
"1050",1050,11.3492293722994,0.00375862308223157,40969
"1051",1051,12.0809911659083,0.000445040187605379,197190
"1052",1052,12.2067773971344,0.000912227373186085,61037
"1053",1053,12.0137007528827,0.00436434312089948,103860
"1054",1054,11.8810347865346,6.43501611007748e-13,70554
"1055",1055,12.4490188241406,1.17960609480669e-15,33209
"1056",1056,12.1007121298723,8.72410929275618e-15,68066
"1057",1057,12.1326951757254,0.000123601239517738,181315
"1058",1058,12.4211840251471,4.88030099861638e-10,68044
"1059",1059,12.7218858108072,1.71017533854031e-10,81580
"1060",1060,12.3013828253345,0.0247582188306011,83199
"1061",1061,12.2713921116508,3.56950753626242e-14,93398
"1062",1062,11.3022044336546,2.68534643281799e-10,171883
"1063",1063,11.4075649493124,0.109965079116175,29634
"1064",1064,11.6127707999399,0.0157195608039461,75756
"1065",1065,11.9447078813958,8.3774489492702e-05,21159
"1066",1066,12.7007688873663,0.0218090495373026,198840
"1067",1067,12.0895388292742,2.75564561309305e-15,21822
"1068",1068,12.0311238430656,0.000208441261085769,113671
"1069",1069,11.9276806199855,0.00445376881696937,133483
"1070",1070,11.8130300574206,0.00477700245581507,66820
"1071",1071,11.8130300574206,6.88099362679347e-09,185195
"1072",1072,11.9447078813958,1.90221527554228e-13,94873
"1073",1073,11.4240942512636,6.71608825185306e-07,109840
"1074",1074,11.979799201207,1.6289098180184e-09,85866
"1075",1075,12.1756134380455,4.6021626288346e-13,105431
"1076",1076,12.2991075114974,0.0701274309221144,74416
"1077",1077,12.0435537160324,8.17134929823119e-09,147706
"1078",1078,11.8407893270548,5.02026416388911e-12,10157
"1079",1079,11.9569700550459,0.00412271518658816,49807
"1080",1080,11.7440371859336,3.47586493456081e-14,103205
"1081",1081,11.8844890214027,0.0258003171736694,94736
"1082",1082,11.7981044072039,1.13231272936489e-07,152671
"1083",1083,12.1652506510099,2.48906703094095e-11,98410
"1084",1084,11.982929094216,0.00256135295552763,3911
"1085",1085,12.1415341243926,0.000580514708274042,135719
"1086",1086,11.8981878657609,5.52379230990283e-15,177481
"1087",1087,11.3326019108389,0.00837685083193387,688
"1088",1088,12.4371843664936,6.54234960881117e-15,72333
"1089",1089,11.8313791960888,0.0308556836045902,20440
"1090",1090,12.1909590077201,1.36683815101036e-11,71919
"1091",1091,11.4392789248019,0.00705664344317418,148831
"1092",1092,11.982929094216,1.40378345644591e-12,15345
"1093",1093,11.8240798936072,0.000957421530855206,114250
"1094",1094,11.8913619006905,0.000111957144144857,147402
"1095",1095,11.7675676833438,6.02841329741089e-16,40967
"1096",1096,12.0806908119985,7.97934993583903e-13,91496
"1097",1097,11.7519423654407,1.60210393508631e-13,167997
"1098",1098,12.0435537160324,1.2901925370028e-05,77522
"1099",1099,11.7597855429018,0.0022577187186931,50858
"1100",1100,11.9640010843304,0.0213718465118612,48452
"1101",1101,11.0020998412042,0.00772525091515002,104743
"1102",1102,11.6910716503537,3.24724825276922e-09,40361
"1103",1103,11.8130300574206,4.03948217126629e-12,122489
"1104",1104,11.979799201207,7.62366849045533e-05,181441
"1105",1105,11.5711943730942,0.000136834279579319,150099
"1106",1106,12.6915804613119,4.8473271024762e-13,137216
"1107",1107,12.1001564199386,1.14126465488418e-11,189809
"1108",1108,12.5235258763151,3.44659524285857e-09,106413
"1109",1109,12.106252310248,2.03984352926857e-06,76251
"1110",1110,12.5425448821514,0.00262214999806907,182006
"1111",1111,12.1441972418121,0.00340117064296094,172888
"1112",1112,12.2307652581205,0.000328223103556536,88285
"1113",1113,11.7745202026587,0.000452183040038407,101539
"1114",1114,11.809319478024,9.73025206175e-12,133336
"1115",1115,11.6699292137799,2.2587434631389e-14,152844
"1116",1116,12.6698066617623,1.06594882412129e-11,14083
"1117",1117,12.1232343672212,4.26838330531461e-08,195975
"1118",1118,11.7752897294377,0.00200491014834111,135968
"1119",1119,11.8493977015914,9.41651459131571e-15,67253
"1120",1120,11.80335376309,0.00167204086355712,191200
"1121",1121,11.681824001432,0.0174224100081457,128746
"1122",1122,12.2685778508816,3.40482515698716e-08,177978
"1123",1123,11.6262541502772,0.0080005827936562,52309
"1124",1124,11.6784399034478,0.000616362984942858,111211
"1125",1125,12.0070117647319,3.64188980239436e-14,37363
"1126",1126,11.6526874073454,0.00310606266281255,59902
"1127",1127,12.0668105781967,0.0226232888504832,175880
"1128",1128,12.4645833406817,1.91986704075277e-09,39403
"1129",1129,12.2783933071098,1.63702945068644e-13,160641
"1130",1130,11.8493977015914,0.00749624386400561,38264
"1131",1131,11.8130300574206,4.24426793900423e-11,136050
"1132",1132,11.4457167152768,0.0360882069972233,176457
"1133",1133,11.6741936125664,1.30166443335946e-11,134581
"1134",1134,12.3863086958331,3.64242544328246e-13,55078
"1135",1135,12.0376539939052,7.98641417999667e-15,140911
"1136",1136,11.5327280922664,0.00277252945800742,150726
"1137",1137,11.6868787720937,0.00211523293954965,131513
"1138",1138,11.4510500612521,2.22307918229562e-10,187140
"1139",1139,12.1858699382127,3.19074027635066e-11,176864
"1140",1140,11.8775685785581,6.73982993275982e-09,17762
"1141",1141,11.8422292121128,9.88689640793242e-09,88576
"1142",1142,12.1934938633233,0.00241509849360981,44076
"1143",1143,12.9595385187621,1.50449615824098e-11,75527
"1144",1144,11.289781913656,0.0355154412723955,163540
"1145",1145,11.289781913656,1.63779033072027e-13,48208
"1146",1146,11.9117015849276,0.0135440451503901,170467
"1147",1147,12.1007121298723,1.31253956029323e-11,60151
"1148",1148,12.0696800206246,0.00395614374008077,130684
"1149",1149,11.6690741474602,0.00051677083884401,42908
"1150",1150,11.870599909242,0.020048962345269,190118
"1151",1151,11.7280368445872,0.000226338497624935,167650
"1152",1152,11.9177236840907,3.60497025334603e-09,25140
"1153",1153,12.3458345879053,1.93650876510072e-10,86398
"1154",1154,11.6994050319128,4.64539329984916e-11,16366
"1155",1155,12.2150323869016,2.46286514572444e-13,67976
"1156",1156,12.2922503417712,9.92807701283636e-07,50137
"1157",1157,12.1001564199386,0.000133538290454781,54494
"1158",1158,12.3458345879053,0.00800769438519145,127041
"1159",1159,12.3678853256926,2.80375290903361e-15,131815
"1160",1160,12.1281111040605,4.14358592893976e-07,114584
"1161",1161,11.8913619006905,1.14091716155629e-12,141554
"1162",1162,12.3194013308372,2.84918202273775e-05,167838
"1163",1163,11.7675676833438,0.0011561022730756,100298
"1164",1164,11.5987269436613,0.0131884949475381,145726
"1165",1165,12.1756134380455,8.4257947621021e-11,66768
"1166",1166,12.359523080243,0.00809173671286831,90803
"1167",1167,12.410441041518,1.16305383895763e-11,191476
"1168",1168,12.0610468734799,0.00459060586368569,174479
"1169",1169,12.3673407931263,0.00264949396869112,155205
"1170",1170,13.3455069287185,2.343469720948e-10,197126
"1171",1171,12.0494188354848,3.6779141155674e-12,63338
"1172",1172,12.0015054797889,1.10251715843623e-13,182783
"1173",1173,12.0546681913709,0.00143825154712389,35535
"1174",1174,12.2085695257288,1.03249791186716e-08,10661
"1175",1175,12.3842188309136,0.00153606191393293,12511
"1176",1176,12.5602444592508,1.60927651952284e-10,99100
"1177",1177,11.6910716503537,1.40608356575579e-09,27406
"1178",1178,11.6526874073454,9.08097737237514e-10,67846
"1179",1179,11.950535026405,0.0552018111768787,65281
"1180",1180,11.4403547721354,6.10487358607141e-08,87978
"1181",1181,12.4292161968444,6.57219789687763e-06,170571
"1182",1182,12.8802918162046,0.0283683633399157,103642
"1183",1183,13.5211394973617,3.06647530507043e-10,34025
"1184",1184,11.6952470217642,0.00539620861807744,109381
"1185",1185,12.1372583295298,0.000357386855696887,73620
"1186",1186,11.5607627943844,0.0339948035387469,107837
"1187",1187,11.4616321705827,1.07356341518577e-11,122144
"1188",1188,12.4760997827432,7.20536823794862e-08,149652
"1189",1189,12.1807548375459,5.27656120849252e-13,61422
"1190",1190,12.1495022940418,1.63619548171198e-10,132543
"1191",1191,12.0317192583854,1.01707566442678e-12,171295
"1192",1192,12.0668105781967,2.5316141564504e-12,22539
"1193",1193,11.7360690162844,3.74089259970358e-06,149184
"1194",1194,12.0137007528827,2.00882090361612e-05,119031
"1195",1195,11.9703503120091,0.000134354600711866,162820
"1196",1196,12.0782392740203,3.96015861812969e-05,150326
"1197",1197,12.2977854534534,4.70854719721121e-06,152366
"1198",1198,11.8775685785581,1.44311461924344e-15,60345
"1199",1199,12.0895388292742,1.80200996180748e-15,79291
"1200",1200,11.9049675527463,0.00201442472585704,34893
"1201",1201,11.6617764117026,0.00547540112196709,89039
"1202",1202,12.1955171315907,6.11762843260669e-14,182735
"1203",1203,11.6699292137799,0.00386451046011814,69297
"1204",1204,12.2690474446916,3.79853681798976e-12,169851
"1205",1205,11.9414558460094,3.06436818572038e-08,136987
"1206",1206,12.5131896306206,1.09728807832018e-15,163645
"1207",1207,11.580584113444,0.00583503229962669,25477
"1208",1208,12.2060726455302,8.10136896707625e-08,15440
"1209",1209,11.8493977015914,0.00137767949353523,75080
"1210",1210,12.5776362019627,2.50554054420847e-11,15769
"1211",1211,12.1495022940418,2.8981812629135e-13,85366
"1212",1212,12.0076217068063,0.0251514900857452,131869
"1213",1213,11.6351430976945,0.0174807934672372,141105
"1214",1214,11.8844890214027,3.65117730285818e-07,60802
"1215",1215,11.809319478024,0.00449406308990328,136382
"1216",1216,11.7360690162844,0.00421098764196465,124849
"1217",1217,11.6262541502772,0.0101788176382863,179537
"1218",1218,12.343466568969,1.05464342303136e-13,52369
"1219",1219,11.2960124634067,6.43872111179445e-12,153172
"1220",1220,11.4240942512636,0.00335177506678755,123550
"1221",1221,11.6526874073454,2.02022533054604e-07,20541
"1222",1222,11.805595078933,2.93259623994248e-07,87284
"1223",1223,11.870599909242,0.00144534940639167,86714
"1224",1224,11.8342840637814,7.61281065625966e-15,139906
"1225",1225,12.1226910365911,0.00541614689847677,121259
"1226",1226,11.8844890214027,2.74376926332198e-09,90514
"1227",1227,12.273731294004,1.30272613162832e-10,130589
"1228",1228,11.8981878657609,0.000280855147268275,105879
"1229",1229,12.8139178962537,1.37790716820299e-11,132080
"1230",1230,11.7519423654407,0.000882615573102526,124476
"1231",1231,12.1547793511426,1.95996000742773e-10,20048
"1232",1232,11.7943379244084,3.39846383838056e-05,105543
"1233",1233,11.5307653830986,1.25574818557782e-13,196933
"1234",1234,11.8635823365834,2.48299716203406e-13,17869
"1235",1235,11.7752897294377,0.000499241336211242,135763
"1236",1236,11.8414159318498,3.29966181153063e-10,87375
"1237",1237,12.0753943218881,2.92030252407608e-10,131455
"1238",1238,12.1807548375459,0.00331973562579787,20402
"1239",1239,11.8670972786908,1.0714444670501e-05,162644
"1240",1240,12.4908755772311,1.6386935184219e-15,597
"1241",1241,12.3234111379474,0.00039543158124277,112966
"1242",1242,12.4225057319529,2.19532673612272e-16,167852
"1243",1243,12.0435537160324,2.32432516577439e-09,153893
"1244",1244,13.0497926845695,8.98049469942578e-09,192673
"1245",1245,12.3458345879053,0.0122385273075811,44589
"1246",1246,12.0895388292742,0.00268592258530624,109144
"1247",1247,12.136186518066,1.5703357970595e-11,31545
"1248",1248,12.04296530766,0.0296214314549869,49672
"1249",1249,11.7714361601217,4.00320714969481e-07,19711
"1250",1250,11.6868787720937,0.00251659034236931,28699
"1251",1251,12.4049235042753,0.000244316228773242,74141
"1252",1252,12.0537952100846,0.000575045640935147,181315
"1253",1253,11.7752897294377,0.00262482926040478,99971
"1254",1254,12.5913350463208,0.00587712774892762,185893
"1255",1255,12.0161220615717,0.0176757207632433,190944
"1256",1256,11.7558716435806,1.76973760156556e-15,36940
"1257",1257,12.6165252951494,1.51659085021704e-13,115776
"1258",1258,11.5119249646366,0.00266400123590061,176200
"1259",1259,12.1547793511426,0.000323699540107395,113993
"1260",1260,11.9250351157971,0.00614623085413603,135776
"1261",1261,12.106252310248,4.3162806448747e-15,30879
"1262",1262,11.7667921889273,3.42130335423724e-09,120746
"1263",1263,11.9922604216448,0.0251547209378741,148695
"1264",1264,12.1034860567551,0.0231937862023406,85946
"1265",1265,12.106252310248,0.00655699255441204,108565
"1266",1266,12.1221474105924,0.000452283004175871,196201
"1267",1267,11.7117763237154,5.60628313832192e-12,96486
"1268",1268,12.8439713518596,1.07292790484806e-09,52046
"1269",1269,12.8505546541088,0.000148198859633973,122708
"1270",1270,11.8775685785581,0.000395852956073559,59727
"1271",1271,12.4684369099977,0.000111404454082921,7045
"1272",1272,12.13215696258,0.000133352620016812,28657
"1273",1273,11.8277362048103,1.27469918768931e-13,33830
"1274",1274,12.083905011556,5.3698728078742e-10,21895
"1275",1275,11.8422292121128,0.00848117450814666,114611
"1276",1276,11.8277362048103,0.000166898975243583,25852
"1277",1277,11.9953516142145,2.16559379345245e-11,69555
"1278",1278,12.1955171315907,0.000963329671725535,150368
"1279",1279,12.3758154201173,0.00224474238296403,39113
"1280",1280,11.1331281036106,0.0351308486182895,61533
"1281",1281,12.3327052964635,6.28743055087051e-12,102225
"1282",1282,12.1007121298723,0.00104704513901053,67833
"1283",1283,11.9217183631711,8.84590788420471e-09,32794
"1284",1284,11.8422292121128,8.23511292906583e-14,27339
"1285",1285,12.0376539939052,1.58907525478148e-11,89256
"1286",1286,11.7943379244084,0.000144893064999177,157567
"1287",1287,11.870599909242,1.63058895643678e-07,84518
"1288",1288,12.1547793511426,5.94359666451831e-13,56413
"1289",1289,12.5353763926728,1.03772107521032e-12,126356
"1290",1290,12.5461099483159,2.16289737127364e-09,87945
"1291",1291,12.1034860567551,0.0140856074984055,51217
"1292",1292,11.6910716503537,9.74063021473983e-13,133464
"1293",1293,11.5852461265499,5.95245678207029e-16,5014
"1294",1294,12.0008917945901,0.000232508140985099,168745
"1295",1295,11.6526874073454,0.000936996489229299,72829
"1296",1296,11.8386256046095,3.35489641150719e-11,198084
"1297",1297,11.9511803959014,0.0018545125469282,117196
"1298",1298,11.8493977015914,3.97540227784146e-17,82912
"1299",1299,11.982929094216,5.4885201216265e-06,126218
"1300",1300,11.9447078813958,5.53459850567287e-13,184755
"1301",1301,12.3238556811866,7.20346289009431e-09,196476
"1302",1302,12.0867258878976,0.00500079324983595,59482
"1303",1303,12.5776362019627,9.71981434496584e-12,118113
"1304",1304,12.3544926506484,1.14397387736434e-08,123984
"1305",1305,11.7752897294377,0.0913294091658026,174211
"1306",1306,12.6915804613119,1.54497415769333e-12,14157
"1307",1307,12.2184951655287,0.00116342071733624,121619
"1308",1308,11.8350089641393,1.69160500648851e-06,1163
"1309",1309,11.8981878657609,1.60693416372129e-10,194791
"1310",1310,12.096257779523,3.19369700060174e-07,64015
"1311",1311,12.7218858108072,0.000358354204855539,156513
"1312",1312,12.2209612580239,1.240911616837e-15,48185
"1313",1313,12.618182296357,2.09519259296295e-09,86720
"1314",1314,12.7164021462475,3.12124208269668e-10,53029
"1315",1315,11.6868787720937,1.49541893563122e-13,151869
"1316",1316,12.2399908637336,0.00720852026705063,149870
"1317",1317,12.5964004268844,0.0215275932455704,142575
"1318",1318,12.2496109475447,0.00664729544437906,161458
"1319",1319,12.5245263766487,0.00286835237502936,101095
"1320",1320,11.6172854802945,2.82347173710528e-15,121475
"1321",1321,11.9608112889623,4.03280205758065e-06,138191
"1322",1322,11.1913418408428,1.79214190941234e-12,50860
"1323",1323,12.1547793511426,0.00563101033992291,105590
"1324",1324,11.3205535723228,1.29520454801909e-12,92178
"1325",1325,11.8981878657609,0.347691298611285,182993
"1326",1326,10.9150884642146,1.22708175235483e-05,73797
"1327",1327,11.2772031314492,0.000560376036361063,184662
"1328",1328,11.7791285057449,3.52368669352298e-12,12344
"1329",1329,12.4529327234617,2.52525156921394e-12,148247
"1330",1330,12.0810761553555,1.16833518415055e-12,71068
"1331",1331,12.3327052964635,0.000179286976115087,137188
"1332",1332,11.7943379244084,0.00239646620429242,61904
"1333",1333,11.5129254649702,0.000503658782214972,79657
"1334",1334,11.740061037554,4.44716726336223e-14,3274
"1335",1335,11.7360690162844,9.41671912722342e-09,89860
"1336",1336,12.0311238430656,2.40983990124406e-11,145368
"1337",1337,11.8130300574206,7.76540961940701e-13,120555
"1338",1338,10.8685684485797,0.00693619815035937,197992
"1339",1339,12.2060726455302,0.00958046576258925,192380
"1340",1340,11.7636841833174,1.09930208139471e-12,109138
"1341",1341,11.7199396343546,8.03759679846869e-06,173480
"1342",1342,11.9511803959014,7.31240669658284e-14,129585
"1343",1343,12.3392914893164,0.00282133020458148,187060
"1344",1344,12.083905011556,0.0368789980282984,75802
"1345",1345,11.9565530341727,0.0182942955937409,71742
"1346",1346,11.5945054519627,0.00824202358319215,114958
"1347",1347,12.4780063610138,5.66952285562597e-09,53697
"1348",1348,12.5548368821687,8.35174883515253e-13,117404
"1349",1349,12.2783933071098,0.00173672272993142,7643
"1350",1350,11.7117763237154,2.72946367481974e-12,199414
"1351",1351,12.2060726455302,3.38183584539615e-09,93413
"1352",1352,12.0494188354848,4.62705741135008e-13,5396
"1353",1353,11.8122890421958,2.91336128366829e-09,110743
"1354",1354,12.9239124386805,6.03224895354596e-11,155307
"1355",1355,12.3673407931263,7.17610529381078e-14,192969
"1356",1356,12.0435537160324,0.00241065506057321,174175
"1357",1357,11.6082356447746,8.12495571418539e-07,17346
"1358",1358,11.9177236840907,4.22973453602216e-16,39256
"1359",1359,12.0867258878976,0.00428613444480782,132661
"1360",1360,12.6603279178078,3.09306737652103e-11,58609
"1361",1361,12.1495022940418,1.48112746642998e-14,84025
"1362",1362,12.4684369099977,9.24081452308793e-11,23595
"1363",1363,11.5607627943844,0.0191363313898371,163138
"1364",1364,11.9635678694873,0.000702180913088512,136200
"1365",1365,11.8786235774066,0.000140177899407087,159686
"1366",1366,12.2830336866663,0.000543176557008058,188311
"1367",1367,12.170445467887,0.00590163850341501,1683
"1368",1368,11.7519423654407,4.09998708261005e-05,197940
"1369",1369,11.8775685785581,3.77496005017707e-11,107034
"1370",1370,12.3544926506484,3.61721254481792e-10,60696
"1371",1371,11.5617156291397,0.00191284175063951,59868
"1372",1372,12.0167264737993,8.31784877921852e-14,54695
"1373",1373,12.5219776769257,5.76921496326272e-06,89272
"1374",1374,13.0530132992695,5.65662419421289e-11,49589
"1375",1375,12.4292161968444,0.00021926200188302,191883
"1376",1376,12.3842188309136,7.11979942076337e-10,130022
"1377",1377,11.418614785499,1.63688697767639e-05,12978
"1378",1378,11.6699292137799,0.0258700972318169,36783
"1379",1379,11.3265958867787,0.0441253005094242,84751
"1380",1380,12.0287386302473,0.00741223194740747,156063
"1381",1381,10.9767820332199,7.32164410427395e-15,149714
"1382",1382,12.3779229024568,0.00482758970991673,130570
"1383",1383,11.9640010843304,2.42001852514453e-13,109631
"1384",1384,11.6262541502772,0.0666498204923685,6439
"1385",1385,11.5617156291397,5.45241462982013e-05,69955
"1386",1386,11.740061037554,6.41845921960689e-12,179658
"1387",1387,12.4292161968444,3.44323099296951e-10,113386
"1388",1388,11.8204101647182,2.2409762751265e-07,176798
"1389",1389,12.8413258476712,0.000439488925036686,171328
"1390",1390,11.7829526021833,1.2431982493922e-12,28162
"1391",1391,12.3673407931263,5.12270795929029e-11,135445
"1392",1392,11.7280368445872,0.00370806325822504,130849
"1393",1393,11.7199396343546,0.00031668192835246,19256
"1394",1394,12.0015054797889,4.87692227162753e-12,145010
"1395",1395,12.4154336524317,6.48143466572985e-12,153704
"1396",1396,12.546867668291,0.000646361423524802,188760
"1397",1397,11.982929094216,0.0462336840014497,50702
"1398",1398,11.8313791960888,2.6432619869317e-12,5156
"1399",1399,11.8350089641393,1.72909202975921e-12,121586
"1400",1400,11.8310154935934,6.4690427766804e-13,35433
"1401",1401,11.6952470217642,1.49713929841371e-10,9120
"1402",1402,12.170445467887,0.00170874903917256,100063
"1403",1403,12.1749895321164,2.44244918802764e-05,122650
"1404",1404,12.5529265202611,0.00491353598386891,173563
"1405",1405,11.5617156291397,6.23776614927396e-13,137934
"1406",1406,12.5245263766487,5.72741925177345e-10,196294
"1407",1407,11.7981044072039,0.00297963756161516,90780
"1408",1408,11.6262541502772,5.17464948979221e-13,42953
"1409",1409,11.740061037554,8.76537192135105e-11,152189
"1410",1410,12.2783933071098,2.5226564897338e-13,81429
"1411",1411,12.3458345879053,5.46557737249565e-09,41621
"1412",1412,11.8493977015914,0.00596725246877288,70977
"1413",1413,11.4075649493124,2.75006118109207e-11,53163
"1414",1414,12.4568313638774,0.000199872181123769,179764
"1415",1415,12.2404740722475,4.71976069847246e-09,172293
"1416",1416,12.0776709307256,0.0646173467545874,25716
"1417",1417,11.7158663089669,9.3080211639552e-11,193298
"1418",1418,12.7367008965923,0.00325819193696741,89093
"1419",1419,11.7280368445872,1.99083216135848e-12,196348
"1420",1420,12.3149270504423,1.22461110895721e-10,75685
"1421",1421,12.1001564199386,1.29418118182185e-05,135719
"1422",1422,11.7558716435806,0.000204365249851026,82639
"1423",1423,11.8240798936072,1.97114337432981e-11,166879
"1424",1424,12.5244172797888,5.85601446452969e-08,185703
"1425",1425,11.8775685785581,8.3330786074145e-09,90980
"1426",1426,11.8635823365834,4.95186403937831e-07,24666
"1427",1427,12.5098740998618,0.00338465858073553,137475
"1428",1428,11.8493977015914,7.23415915368821e-13,153350
"1429",1429,11.6868787720937,8.56898342661118e-07,71424
"1430",1430,12.116694834379,1.80752980076263e-07,25087
"1431",1431,12.1659795519637,8.18333884160806e-11,181037
"1432",1432,11.8758309586596,1.88895162919021e-09,58969
"1433",1433,11.0744205027839,0.095400087353388,142018
"1434",1434,12.136186518066,2.32452874275709e-09,6029
"1435",1435,11.982929094216,0.000173937940438744,134018
"1436",1436,12.0668105781967,0.00639512687855287,37639
"1437",1437,11.6994050319128,6.80088953448899e-14,134344
"1438",1438,12.8856709532443,5.99380623663439e-06,50531
"1439",1439,11.9163885704077,1.32420263181778e-14,56554
"1440",1440,12.1909590077201,1.34718112663899e-15,185162
"1441",1441,12.1600287070288,0.00227346029192074,177152
"1442",1442,11.9137129835273,0.000243607704338721,137632
"1443",1443,12.6443275764613,6.12042732248272e-06,136039
"1444",1444,11.7035458245789,0.0308627726465359,124286
"1445",1445,12.0984874348502,0.00260573770299321,183167
"1446",1446,11.7675676833438,1.22034591631718e-05,74504
"1447",1447,11.9697172002437,6.62717268827952e-13,156207
"1448",1448,12.3883942023241,0.00182890161992828,188894
"1449",1449,11.6262541502772,5.28278114281615e-09,34762
"1450",1450,11.4295438560312,1.0355918598142e-08,84912
"1451",1451,11.8204101647182,2.29142639287702e-09,166680
"1452",1452,12.5675510344332,6.38200849152954e-11,23937
"1453",1453,11.8844890214027,0.000853774965844797,133904
"1454",1454,11.3445068133453,0.161904407665311,130730
"1455",1455,12.1281111040605,6.15538414246488e-14,45042
"1456",1456,12.0725412529057,2.05902293410301e-12,59020
"1457",1457,12.2548628096996,7.17549778833304e-10,194620
"1458",1458,12.493129522588,5.88901585329634e-10,77176
"1459",1459,11.8644622310528,0.000197976554628601,17712
"1460",1460,11.901583454762,3.50987633094802e-07,34889
