"Id","SalePrice","residuals_sq","model"
456,12.0753943218881,0.32118357180264,36025
1311,12.7218858108072,0.245848051519693,108594
957,11.7280368445872,0.241694118829255,124619
864,11.7943379244084,0.187855441428638,195597
802,11.6073261403917,0.158350304040345,56733
657,11.8879313655937,0.133652664846375,3654
1438,12.8856709532443,0.127500303059492,94651
405,12.0317192583854,0.10000792928132,90647
179,13.1260306447518,0.0872666813470597,30961
704,11.8493977015914,0.0866742889728922,81700
1291,12.1034860567551,0.0809927287954212,187757
905,11.740061037554,0.0763320245878212,164939
649,11.9511803959014,0.0752344643021866,30972
959,12.1281111040605,0.0693957877543689,68056
552,11.6307085006266,0.0653304707786674,256884
672,11.5482926088075,0.0641428790818304,289374
1064,11.6127707999399,0.0640484984075655,6208
1051,12.0809911659083,0.0637466774365016,77661
700,12.1858699382127,0.0623591216733987,60170
538,11.6195352000285,0.0615770157901154,172858
660,12.0257490913989,0.0567725917371086,255095
140,12.3523351525084,0.0538288727495643,135412
1167,12.410441041518,0.0536129948693876,26978
64,11.8493977015914,0.0534208106695971,129074
191,12.6603279178078,0.0499737397437145,48887
718,11.9640010843304,0.0493926686540892,236134
142,12.4684369099977,0.0479555163515404,48291
728,12.1781874420406,0.0463950683590126,66120
1369,11.8775685785581,0.0420847633138443,109461
854,11.9703503120091,0.0397828001694517,174324
274,11.8422292121128,0.0392631281830345,247018
13,11.8775685785581,0.0390728489316128,276647
1011,11.8130300574206,0.038959414766443,171858
343,11.3793940723457,0.038468019049852,219475
1364,11.9635678694873,0.0381472252474879,219045
1267,11.7117763237154,0.0376919211253803,151219
1417,11.7158663089669,0.035239091816999,54285
434,12.106252310248,0.0339786314924114,236171
1132,11.4457167152768,0.0333670222241577,168799
600,11.9250351157971,0.032449470572176,164036
1199,12.0895388292742,0.0315982430066734,172973
221,12.230277334227,0.0307732109124992,229624
90,11.7248058240057,0.030385437696379,228789
426,11.8130300574206,0.0300400407964617,258708
457,11.4927227576527,0.0295024349380331,27441
322,12.7770521921159,0.0292051424775722,48293
620,12.6280670555895,0.0288783407094269,232958
1120,11.80335376309,0.0288660613498275,184143
1235,11.7752897294377,0.0286403054631012,89263
1401,11.6952470217642,0.0284671372236992,277947
762,11.5129254649702,0.0284578196597502,12773
551,11.8493977015914,0.028381369128901,26922
425,11.8422292121128,0.028171233710291,61350
89,11.3504065354725,0.027820484011039,280243
1159,12.3678853256926,0.0275584138713734,143272
1054,11.8810347865346,0.0270585939912748,139747
173,12.3842188309136,0.0269807836068499,143891
37,11.8844890214027,0.0267021373985798,33098
1251,12.4049235042753,0.0265900049107649,196867
580,11.7867621306,0.0262145921505659,134152
305,12.594730635322,0.0258992482134286,229624
1077,12.0435537160324,0.0257177343149813,237760
1048,11.8844890214027,0.0254612020269853,201395
1250,11.6868787720937,0.0249949387923025,89970
570,11.8201160038101,0.024969458844219,113750
270,11.9049675527463,0.0248123844283195,75509
54,12.8609986132699,0.024603092270242,258001
1204,12.2690474446916,0.0238449765621469,24640
1088,12.4371843664936,0.0236519050836888,225280
95,12.2295450017153,0.0228013061679519,102154
1173,12.0546681913709,0.0216231663116989,74082
143,12.0197430673387,0.0215663536202222,43426
1363,11.5607627943844,0.0209051365032932,108605
751,11.4772982873271,0.0201344546247435,239337
793,12.5053991575767,0.0198526268309951,125568
1303,12.5776362019627,0.0196266162957654,101508
248,11.8493977015914,0.019614885444933,480
216,11.808947661697,0.0194914186643946,286122
1069,11.9276806199855,0.0194017322430818,28349
929,12.3737034869141,0.019062515230859,219509
17,11.9117015849276,0.0188229563238247,31393
798,11.6082356447746,0.0185895957842407,261504
1052,12.2067773971344,0.0183300996721338,302356
1017,12.2209612580239,0.0179180446316238,292388
975,12.0287386302473,0.0177331449366074,11736
764,12.7278382093345,0.0174696673574123,156006
955,11.7558716435806,0.0173512474720867,4275
1382,12.3779229024568,0.0173289323320814,45713
875,11.1049572266439,0.0161556339873852,247700
324,11.7454251112085,0.016069513448053,175754
200,12.5241626741533,0.0158782840082058,145570
1038,12.5672374947418,0.0158661547031874,169750
581,12.1112123645062,0.0157592806621187,235718
437,11.6613454700885,0.0156764729526744,187428
782,12.0776709307256,0.0156287522297428,232233
297,11.9316357998284,0.0153990854568505,51864
961,11.6656465519879,0.0150452497438475,173392
413,12.3104326608544,0.0150225068119145,80608
958,11.7905572015685,0.0149400983591995,51864
1329,12.4529327234617,0.0139928163394663,44119
1115,11.6699292137799,0.0139648608875948,10601
1200,11.9049675527463,0.0138545298062363,158400
1001,11.3144745262464,0.0136697808548426,148316
1345,11.9565530341727,0.0135947041799714,79886
283,12.2428866186529,0.0134804232429855,151515
74,11.8837991283088,0.0131448202735143,129891
1134,12.3863086958331,0.0131106921907694,187428
653,12.1600287070288,0.0129556025009321,91642
1138,11.4510500612521,0.0129237044102144,144126
67,12.1007121298723,0.01289956594873,58330
318,12.5061772379805,0.0128863342683647,167371
934,12.1547793511426,0.0127276324997039,168338
760,12.5776362019627,0.0125296664457676,234520
901,11.6082356447746,0.0124387636368482,121212
372,11.8088137739691,0.0124353561162321,52341
421,12.2370866990593,0.0123242760452515,146194
933,12.6760762747759,0.0119500549636905,38195
1242,12.4225057319529,0.0117282996004431,145974
646,11.872346634577,0.0116663643421267,43228
696,12.0782392740203,0.0113786669498363,17522
557,11.8565151693603,0.0113476352361072,172922
1075,12.1756134380455,0.0112585634425007,91957
1015,11.6885580336134,0.0112541536682903,130521
850,12.1388638958367,0.010997221784809,109766
356,12.0867258878976,0.0108421366837748,183211
258,12.3013828253345,0.0107921438575976,36125
440,11.6082356447746,0.0106241741482176,11835
812,11.8810347865346,0.0106166277375944,215077
1323,12.1547793511426,0.0104849629889401,236524
599,12.2899541295109,0.0103107039437227,219466
1023,11.3736633976367,0.0102057009686671,155907
500,11.6952470217642,0.0100849272818463,271872
1109,12.106252310248,0.00993420984889974,246271
401,12.4110522262167,0.00989924214031228,212970
1035,11.6931615152732,0.00987635402252222,229277
1330,12.0810761553555,0.00983328062292225,20885
831,12.0197430673387,0.00979888828205254,284871
1009,12.3883942023241,0.00961246223668653,294956
205,11.6082356447746,0.00932428803916066,80502
5,12.4292161968444,0.00916786797389228,155578
885,11.5129254649702,0.00914336355609123,24565
1352,12.0494188354848,0.00909112627426024,45337
1262,11.7667921889273,0.00900737778150747,129759
1331,12.3327052964635,0.0088044055290231,196711
105,12.0406082058026,0.00864038418387994,86181
1365,11.8786235774066,0.00852785885044045,195889
485,11.7943379244084,0.00836643330698762,184396
490,11.3621025752356,0.00822808134553814,142268
530,12.2091877884303,0.00822389636075645,98249
1232,11.7943379244084,0.00803224532083681,209263
509,11.9891596439666,0.00785774315507731,282942
202,12.0523385455881,0.00734216522700149,105421
4,11.8493977015914,0.00730112077124793,85989
30,11.1345890242503,0.0072614520322106,146112
1302,12.0867258878976,0.00718490317378106,147557
129,11.9511803959014,0.0071487737044847,40280
284,12.4073795022352,0.00711389682847644,16549
575,11.8422292121128,0.0070325188255153,136572
1089,11.8313791960888,0.00694954569757754,123154
1118,11.7752897294377,0.00673204159675309,204731
621,11.1124478983731,0.00672932998713463,92437
832,11.9250351157971,0.00662892573017361,258799
1348,12.5548368821687,0.00657085117490605,195170
1111,12.1441972418121,0.00655146595080394,247916
1034,12.3458345879053,0.00649272023863355,110050
371,12.0575726372117,0.0064500494607641,144828
851,11.7867621306,0.00632880915956305,91717
579,11.8913619006905,0.00632718308270257,261684
467,12.0257490913989,0.00626278663578499,49016
1152,11.9177236840907,0.00626108952872731,30972
1022,12.1756134380455,0.0061339060989772,72755
960,11.9511803959014,0.00612759999544999,298959
816,12.3234111379474,0.00606203489965228,57166
88,12.0106658491876,0.0060336804079142,5009
47,12.3870850123755,0.00595808855107256,29398
1188,12.4760997827432,0.00595072545744367,272533
841,11.8493977015914,0.00593219227848479,19967
304,11.9177236840907,0.00590700764336929,251077
394,11.5129254649702,0.00586558112121041,82314
1247,12.136186518066,0.00581609070848188,226379
685,12.3059179804999,0.00580662475745522,161409
874,11.7981044072039,0.00579898701117407,183
45,11.8565151693603,0.00578080666740914,73426
385,12.3883942023241,0.00570318813770231,254106
914,11.8844890214027,0.00565915802545999,127254
1324,11.3205535723228,0.00561565042864625,7411
1278,12.1955171315907,0.00555129291421883,55387
254,11.9703503120091,0.00554020004714596,205154
1028,12.5881906521085,0.00549384694529137,166386
541,12.6603279178078,0.00545619916037958,81086
321,12.7444443677961,0.00539143204811856,1318
1328,11.7791285057449,0.00537179343604698,149441
1429,11.6868787720937,0.00535664218116481,194364
789,11.5889601512462,0.00534205199170245,197793
871,11.6036798282387,0.00527943186833322,218899
148,12.3126823805884,0.00519685032384795,133064
633,11.3205535723228,0.00519621706078555,44220
979,11.6082356447746,0.00517493243224828,176100
1170,13.3455069287185,0.00511285630919647,10482
1377,11.418614785499,0.00511141963373082,45845
455,12.1441972418121,0.0050983603322933,74334
1171,12.0494188354848,0.00508513952246483,244333
952,11.6944133410156,0.0049975319256628,246529
310,12.7938593104323,0.00485413714227247,275731
66,12.6666570528594,0.00484970969887365,55575
62,11.5228757958234,0.00480799657563709,33610
326,11.3736633976367,0.00478154985680754,222486
1008,11.3850920934603,0.0047731024842748,285081
536,11.5852461265499,0.00468778845469194,43692
209,12.5317727851695,0.00467309651897213,246072
325,12.3966930051388,0.00463843009123844,32595
246,12.3946247520748,0.00460784940536776,296751
1420,12.3149270504423,0.00459745958705298,137147
1058,12.4211840251471,0.00451456446511449,84853
757,12.2643415536542,0.00451207928691345,238819
1344,12.083905011556,0.00449643143301111,67237
497,12.9715404876697,0.00445277649601473,74940
1194,12.0137007528827,0.00445270162832688,132974
388,11.7360690162844,0.00441071160812418,242357
1157,12.1001564199386,0.00440513250645758,143995
945,11.8313791960888,0.00433364063526073,225150
362,11.8844890214027,0.00423283602335399,103127
547,12.2548628096996,0.0042293893666998,272211
1428,11.8493977015914,0.00420724442176515,262642
1203,11.6699292137799,0.00419714399818243,168338
153,12.1547793511426,0.00416763348995939,236005
847,12.2690474446916,0.00408381215541764,35830
752,11.9953516142145,0.00405093040679267,71952
138,12.0494188354848,0.00401966232617661,90914
845,11.944058319827,0.00401306828101054,23492
1397,11.982929094216,0.00388576650674408,133081
981,12.091783499128,0.00387268370376842,122725
1037,12.6619139609634,0.00386275750934641,51881
962,12.5135573452781,0.00385114874363796,265289
228,11.5711943730942,0.00384900807267385,197632
1040,11.289781913656,0.00381110979353589,128787
91,11.6073261403917,0.00380201137512179,132113
1041,11.9511803959014,0.00378737807604972,42399
1367,12.170445467887,0.00377127936500852,91242
1087,11.3326019108389,0.00377007300308171,15178
918,11.8130300574206,0.00375318162713983,64819
299,12.0725412529057,0.00374393603072219,227035
1057,12.1326951757254,0.00374218092394567,53898
1288,12.1547793511426,0.00373945839686774,69757
1309,11.8981878657609,0.00373339785676891,219347
745,12.1007121298723,0.00373298027911591,272733
795,12.1781874420406,0.00371272424338139,39810
79,11.8240798936072,0.00361839750761805,15999
502,12.3313828364956,0.00358834282031859,124027
342,11.3144745262464,0.00352998277512405,272359
1252,12.0537952100846,0.00350285858847465,293196
382,12.1428665696264,0.00348373719701422,139955
1136,11.5327280922664,0.00347632062071996,177811
697,11.3963916487143,0.00347450230128395,36123
808,12.3171666930358,0.00343226457559585,29889
516,12.9063468682812,0.00342576232263923,109897
487,11.9576112862317,0.00332199980593962,68309
170,12.3371009079366,0.00328750707445664,144472
169,12.1199699464768,0.00327085290722728,30756
1067,12.0895388292742,0.0032562978409958,270027
186,13.0710700830168,0.0032469005322596,215453
1190,12.1495022940418,0.00324493953353271,52966
120,12.0075607293375,0.00321717208956481,96121
1392,11.7280368445872,0.00321170016618282,238476
799,13.0919041699196,0.00320747442839452,163661
157,11.6036798282387,0.00320098960096107,53579
208,11.8565151693603,0.00316084304121705,289177
527,11.7905572015685,0.00315765280816701,75932
156,11.2772031314492,0.00315461212146107,39205
995,12.7293207892947,0.00296918127723555,196661
908,12.4292161968444,0.00296302579975656,285510
1202,12.1955171315907,0.00295311762556833,162608
1240,12.4908755772311,0.0028754314094568,127131
137,11.870599909242,0.00286944753678269,60827
767,12.1884177102915,0.00286774239482295,87837
1237,12.0753943218881,0.00282851906150184,159117
590,11.2835123006424,0.0027935438473634,284883
1233,11.5307653830986,0.00278852981932608,62040
1098,12.0435537160324,0.00274203625826836,168531
926,12.0725412529057,0.0026519188663393,110899
1156,12.2922503417712,0.00259154534367996,65952
990,12.1909590077201,0.0025720665014169,184721
211,11.4927227576527,0.00253257736227393,73063
992,12.0317192583854,0.00251429289386304,25385
937,12.1275704173752,0.00250282736263785,439
605,12.3059179804999,0.00246264794040882,60292
288,11.3850920934603,0.00244216454134692,107829
1266,12.1221474105924,0.00243836170355695,203936
922,11.8906767345109,0.00242052998776741,238851
360,12.5425448821514,0.00238759950246948,266847
488,12.0725412529057,0.00237501400735118,91925
1125,12.0070117647319,0.00237137064575319,3969
396,11.7675676833438,0.00235701769815332,120729
1146,11.9117015849276,0.00231273788036417,210763
239,12.6698066617623,0.00231010536260551,278757
505,11.8981878657609,0.00227004182024967,111018
844,11.8565151693603,0.00225796629884342,155192
1312,12.2209612580239,0.00222463507730044,282292
172,12.2783933071098,0.0021381491589901,180500
748,12.4911726372789,0.00213617825340775,281710
363,12.1985443791094,0.0021287013322636,128305
729,11.6082356447746,0.00212218358489544,242175
521,11.5735500867867,0.0021156782227524,229792
1079,11.9569700550459,0.00208656564545407,101377
149,11.8565151693603,0.00206789585345709,190272
241,12.4780063610138,0.00204406324454136,118468
50,11.7519423654407,0.0019810029513955,5643
28,12.6313403809345,0.0019577891879243,57368
1389,12.8413258476712,0.00194980627742676,18624
1151,11.7280368445872,0.00187388699968017,21364
195,11.7519423654407,0.00184601673745911,224841
1317,12.5964004268844,0.001825443168915,127645
97,12.273731294004,0.00182429094478265,183713
1114,11.809319478024,0.00181660813600132,252555
794,12.3238556811866,0.0018117743831594,81094
1246,12.0895388292742,0.00179307751814027,124369
703,12.7991757088645,0.00179281382158238,295038
687,12.336552511981,0.00175423312835093,174464
941,11.9243726447559,0.00175291631567903,109205
825,12.3570755190667,0.00173921663110872,141226
666,12.3480061414188,0.00167838305622327,130836
1187,11.4616321705827,0.00166774926911757,190720
1432,11.8758309586596,0.00163325412451117,92877
511,12.0130945085477,0.00163217404171285,25475
561,11.7076695417627,0.00162896523606538,20223
243,11.2772031314492,0.0016267804224131,158110
285,12.096257779523,0.00161315415844912,17854
366,11.8981878657609,0.00160161734493324,235335
171,11.7636841833174,0.00159663374974661,209227
629,11.8130300574206,0.00159590271994719,296510
837,11.9414558460094,0.00157285469941407,2971
1239,11.8670972786908,0.0015569612282346,241956
1269,12.8505546541088,0.00154114905738324,6481
855,12.0435537160324,0.00154104074986411,228370
609,12.7913561802142,0.0015000381058828,228823
779,11.8775685785581,0.00149035778193552,33017
988,12.887127001736,0.00146183038527858,109909
1045,12.5353763926728,0.00145319523799338,74130
1284,11.8422292121128,0.00145040762921683,151181
1341,11.7199396343546,0.00144889646128619,252744
842,11.9671807372478,0.00143575491320804,152562
1256,11.7558716435806,0.00143257178694287,202653
1106,12.6915804613119,0.00141908136098214,7841
368,12.0137007528827,0.0014137985869205,106692
1212,12.0076217068063,0.00141238872795653,198522
116,12.0782392740203,0.00140116916285146,40798
1154,11.6994050319128,0.00137683040337772,185022
1225,12.1226910365911,0.00137442819624328,6512
109,11.6526874073454,0.00137182598629333,266866
1183,13.5211394973617,0.00136689259118631,42
980,11.8422292121128,0.00134087063769147,249016
665,12.9551274580284,0.00133741112351366,245963
1036,11.3385720778255,0.00132999778539197,249244
1437,11.6994050319128,0.00132864514107494,69060
1241,12.3234111379474,0.00132793847456554,93616
249,12.1007121298723,0.00132187974338865,281722
411,11.0020998412042,0.00131413286084121,79164
877,11.7924493497205,0.00130671137678655,30137
128,11.3736633976367,0.00130513870617729,302888
1425,11.8775685785581,0.00130002710743751,144872
896,11.8493977015914,0.00129062961495947,118159
255,11.8844890214027,0.00129061945020909,55789
680,11.7636841833174,0.00128170397940975,12830
265,11.1982147201305,0.00127456750755441,157946
1356,12.0435537160324,0.00125190843452165,262011
1257,12.6165252951494,0.00124842135428649,33493
165,11.9316357998284,0.00122197482175391,185281
428,11.5991765530135,0.00121071967245724,188620
1293,11.5852461265499,0.00120878661266844,20992
504,12.5741819670946,0.00120565241230878,89428
607,11.9316357998284,0.00120500836639608,286653
130,11.9183905730784,0.00120087092756145,113524
671,12.0639328783691,0.00119656713310914,136806
662,12.9042073676012,0.00119172405043098,18557
618,11.5664662318983,0.0011892045375863,133373
69,11.289781913656,0.00117104893827589,224695
102,12.0895388292742,0.00115188927692789,300349
947,11.870599909242,0.00114091877817631,157212
582,12.4423022003927,0.00110532352477034,296699
1099,11.7597855429018,0.00109964164851381,294254
556,11.6351430976945,0.00109652558855586,167545
743,12.0951410848229,0.00106170186004007,255022
259,12.3523351525084,0.00104667822498509,243788
18,11.4075649493124,0.00103594872260996,204480
1095,11.7675676833438,0.00102859530993527,296560
1018,12.1415341243926,0.00101462829628735,163493
369,11.7905572015685,0.00101035451979016,97351
166,11.7558716435806,0.00100142246549572,82215
53,11.6082356447746,0.000989077288531715,59550
554,11.5898865061064,0.00098462004925981,257237
466,12.0936875149354,0.000980629640629159,252919
190,12.563747089802,0.000944219435916509,256489
734,11.7860013850326,0.000932724217542891,161892
1081,11.8844890214027,0.000916253578598851,157537
133,11.9233781145894,0.000913127195045421,245565
931,12.2110601870412,0.000898546813812263,126062
1108,12.5235258763151,0.000896249031676336,168375
928,12.0782392740203,0.00089525625923108,238448
196,11.9083402372249,0.000891666713053781,78727
946,11.7352686961137,0.000891273498519755,96807
566,11.7597855429018,0.000886885186374815,159357
858,12.0668105781967,0.000879040109562791,264665
810,11.5711943730942,0.000857115729159703,257065
1304,12.3544926506484,0.000850446125333747,37641
420,11.8635823365834,0.000843901680153027,178563
1334,11.740061037554,0.000817675435779288,247473
495,11.4219060665831,0.000816732319372474,263966
1305,11.7752897294377,0.000813497710194472,159172
160,12.6760762747759,0.000803257161492839,121178
114,12.2876526325226,0.000795915552390103,293379
637,11.0020998412042,0.00078878272426617,152225
351,12.6699984672658,0.000787645536572739,219850
806,12.3356964133237,0.000775456092904396,129437
236,11.4019939042629,0.000771519390549319,221625
688,11.9103584013811,0.000759223968143607,190250
1316,12.2399908637336,0.000758833830699404,56000
1073,11.4240942512636,0.000745629998198295,257916
164,11.5444241320296,0.000744640695384242,104953
392,12.2783933071098,0.00073850867094921,48953
123,11.8204101647182,0.000730515641089751,248677
161,11.9984332807519,0.000729516847063532,202673
1116,12.6698066617623,0.000725904580434314,50705
628,11.9381932003746,0.000723547008719241,221282
546,12.3414772825364,0.000722502893111923,273997
989,12.1807548375459,0.000718654475533679,169
1139,12.1858699382127,0.0007113558585964,233697
301,11.9640010843304,0.000707155269015136,190138
7,12.6346030265693,0.000705468869869586,14269
924,12.170445467887,0.000690757539088839,155080
1281,12.3327052964635,0.000687270973006141,32402
927,12.5602444592508,0.000679039301763041,146069
1228,11.8981878657609,0.000677883416472605,119269
797,11.8740903141818,0.000675469033678502,194633
840,11.7791285057449,0.000674970067580412,274433
1387,12.4292161968444,0.000672806683835619,275471
224,11.4824662574855,0.000672402335015769,134166
230,12.16785143271,0.000671659682414511,298038
539,11.9703503120091,0.000666457280577314,85837
21,12.6925031124614,0.000640930603022562,27881
340,11.9511803959014,0.000635745812366643,11903
699,11.8386256046095,0.000634523573559253,192154
1003,12.3544926506484,0.00063097103463582,301788
1236,11.8414159318498,0.00062230610745215,289353
330,11.2644641056717,0.000615823064168668,40187
772,11.5327280922664,0.000613144350718167,44119
75,11.5843154610569,0.000610743356762526,248834
234,11.7613468234687,0.000609219971914713,60118
746,12.6108708646506,0.000600659350249457,76835
1313,12.618182296357,0.00060009678519872,135563
494,11.9511803959014,0.000592782384928714,98994
136,12.0668105781967,0.000585498555345223,213682
559,12.0725412529057,0.000584222668881342,288413
48,12.4280154762679,0.000573778593906491,240968
1172,12.0015054797889,0.000572056314994291,243965
101,12.2307652581205,0.000558794180220675,276941
1349,12.2783933071098,0.000554387166415033,6512
296,11.8670972786908,0.00053838344881965,223657
23,12.3458345879053,0.000537385000805849,25488
266,12.0753943218881,0.00051976591052506,147412
237,12.1308101610296,0.000516901728108641,189943
904,12.3883942023241,0.000513631876477363,174120
151,11.7117763237154,0.000507136570512056,66062
1282,12.1007121298723,0.000506738805017724,168373
309,11.3205535723228,0.00049127904972888,71895
861,12.1545161586158,0.000481740728592811,59177
1326,10.9150884642146,0.000467678206862071,257871
572,11.6952470217642,0.000462741236496486,61430
712,11.5403071417114,0.000457853647827298,61540
370,11.9953516142145,0.000456787941142433,171573
141,11.6526874073454,0.000443319920047141,124341
1407,11.7981044072039,0.000438332487834489,245602
872,12.2085695257288,0.000433808205163443,41343
679,12.8279923168018,0.000417129775916094,58037
3,12.3171666930358,0.000413298014013854,206754
465,11.7280368445872,0.00040604457980748,30386
113,12.8583197035179,0.000404460089681502,266652
22,11.8451027773086,0.000398832575667514,130889
339,12.2184951655287,0.000391692020105659,290545
848,11.8018567568224,0.000388902404135421,298886
1426,11.8635823365834,0.000378677951391204,92690
99,11.3265958867787,0.000369272066434755,72238
632,12.2524790183443,0.000367039656433328,9451
206,12.1034860567551,0.000365752368592971,173407
522,11.9183905730784,0.00036055525767686,18441
335,12.1652506510099,0.000353012681030405,265261
640,12.4858271275094,0.000340476279788297,69651
367,11.9766594812024,0.000330971310665337,190260
12,12.7512996960135,0.000330873673481405,86927
529,11.3621025752356,0.000328138732685394,102154
207,11.8768738928755,0.000325379849448517,86122
910,12.0668105781967,0.000321641998456044,292544
1161,11.8913619006905,0.000315892588429839,67344
144,12.2258752728264,0.000315529658260543,39172
293,11.7829526021833,0.000314591225857842,25731
81,12.173032791452,0.000311618950619337,94979
705,12.2690474446916,0.000310787783872694,32685
94,11.8048485316793,0.000308361725314447,276941
480,11.40166982941,0.000306689926037537,137966
112,12.1007121298723,0.000302691429225365,213517
145,11.7360690162844,0.000302230862868234,81580
1092,11.982929094216,0.000288033346930648,21380
1163,11.7675676833438,0.000287319899394535,248244
43,11.8775685785581,0.000277541206130033,102099
528,13.0086592616321,0.000276013409248849,253208
108,11.6526874073454,0.000272748038070585,188603
971,11.8130300574206,0.000271853055884169,153096
483,11.9511803959014,0.000270226282493512,218304
168,12.6934986204678,0.000267247362084015,157621
766,12.4842042571701,0.000267075415497453,273229
1101,11.0020998412042,0.000260907129663076,205542
1196,12.0782392740203,0.000260476282154226,252950
201,11.8493977015914,0.000260200796185708,9723
623,11.8130300574206,0.000258853383407918,99728
1032,12.1909590077201,0.000257768545328556,222992
1169,12.3673407931263,0.000257511509303679,2719
333,12.5567295171433,0.000250323259872639,206767
1226,11.8844890214027,0.000248689703694072,215725
970,11.8493977015914,0.000244187386544168,36717
1014,11.3504065354725,0.00023564789029615,192215
1217,11.6262541502772,0.000233702872594782,22798
1444,11.7035458245789,0.000233696508985846,210266
379,12.8852020343219,0.000233201493558536,272094
87,12.0668105781967,0.000223998474042698,188355
1137,11.6868787720937,0.000210489348810265,252336
507,12.2783933071098,0.000208652865104023,108166
999,11.418614785499,0.000204458167537859,48150
6,11.870599909242,0.000203517534652894,22650
1399,11.8350089641393,0.000198872120178601,145991
180,11.5129254649702,0.000195807483290057,241800
897,11.5759002641316,0.000194937081435937,32213
951,11.7675676833438,0.000190626291347837,258056
791,11.9841783136164,0.000190346359340257,197971
1072,11.9447078813958,0.000186736436382405,120291
183,11.6952470217642,0.000185293692467283,13785
314,12.8346813049525,0.000184950829080791,138439
916,11.2252433925184,0.000182363274935917,30879
223,12.1001564199386,0.000182153924905652,258056
1195,11.9703503120091,0.000180112825390264,257356
1410,12.2783933071098,0.000177069150340703,190691
860,12.4292161968444,0.000173992224917776,31890
210,11.8844890214027,0.000172660360917934,86112
27,11.8115474774603,0.000169601655051292,152094
118,11.9511803959014,0.000158231978341626,50895
127,11.7597855429018,0.000139339152613802,65606
1419,11.7280368445872,0.000138041884481069,166009
598,12.1766489841567,0.000135373792039265,60121
1097,11.7519423654407,0.000133510910425318,42129
1210,12.5776362019627,0.00013166388544593,20968
235,12.2853458264247,0.000124253312370682,99505
115,12.4665119815881,0.000119897626042223,164912
404,12.4607148639038,0.0001145593388691,130893
313,11.6944133410156,0.000112718199940704,75125
573,12.3216309861644,0.000111118200069762,145014
348,11.9671807372478,0.00010871157547727,1906
189,11.9403933925547,0.000108078211850752,12821
883,12.0895388292742,0.000106393104649514,206330
55,11.7752897294377,0.000106228960497984,97417
432,11.2885311317544,0.000105268627160756,111243
770,13.1956138391439,9.71426931938428e-05,48928
226,11.6262541502772,9.56587003334843e-05,1550
586,12.8209879778205,9.40178623259535e-05,139894
417,11.9150516718129,9.04791698340645e-05,178205
827,11.6036798282387,8.55969162156011e-05,298038
273,12.5776362019627,8.46681560412322e-05,99138
1300,11.9447078813958,8.39777654909036e-05,121562
893,11.9479493753199,8.04471284792504e-05,54556
742,11.8635823365834,8.03102745922382e-05,267638
14,12.5407575715773,7.85557617965038e-05,167297
63,12.2184951655287,7.68242246445671e-05,158784
852,12.2783933071098,7.3884172199893e-05,77514
1182,12.8802918162046,7.324677413181e-05,213788
787,11.8422292121128,6.76896890688775e-05,272558
627,11.8486831606536,6.56604301131427e-05,299653
300,11.9735098722995,6.33153719893072e-05,200276
859,11.9316357998284,6.01786235460175e-05,34946
954,12.0552497557956,5.95877594539445e-05,92121
1258,11.5119249646366,5.86563486961308e-05,199675
1273,11.8277362048103,5.34236381244462e-05,54709
277,12.2110601870412,5.12674984178401e-05,280146
1318,12.2496109475447,4.9735919737552e-05,159478
327,12.6884987947745,4.96863069289659e-05,254321
1374,13.0530132992695,4.6035942796751e-05,154507
332,11.8422292121128,4.27700147690376e-05,118102
104,12.2005574648421,4.27095995433326e-05,112071
1005,12.106252310248,4.25951354157347e-05,39102
1007,12.0045682693194,4.21867396024396e-05,161133
479,12.6014874177848,4.10812775900315e-05,232689
1219,11.2960124634067,4.05177963007191e-05,126521
894,12.0137007528827,3.8786099541075e-05,30717
272,12.3946247520748,3.72863601402034e-05,205872
991,12.7599577587566,3.45677313942155e-05,169896
1351,12.2060726455302,3.34997096818391e-05,164767
1082,11.7981044072039,3.18860476242029e-05,145045
796,12.0494188354848,3.08461513262665e-05,263305
135,12.1007121298723,2.92835336170975e-05,118663
532,11.7597855429018,2.90131180160178e-05,125309
886,12.7035090321771,2.87866129540442e-05,43144
1062,11.3022044336546,2.81244889089564e-05,226811
829,12.1281111040605,2.79527570217332e-05,66995
1436,12.0668105781967,2.65481709681493e-05,70489
597,11.6483650358641,2.10628291198902e-05,235146
1033,12.6443275764613,2.02646814106232e-05,295969
1130,11.8493977015914,1.94429500533459e-05,38496
963,11.9511803959014,1.8895606719698e-05,80317
192,12.1226910365911,1.63469665404835e-05,62244
1070,11.8130300574206,1.57493299613617e-05,143621
919,12.3800259526536,1.5525945772617e-05,111354
542,12.4211840251471,1.48032425012535e-05,117645
184,12.2060726455302,1.39054947143877e-05,204426
698,11.7239964350502,1.23204983050983e-05,99353
1379,11.3265958867787,1.18727152034545e-05,216795
188,11.8130300574206,1.10830053785313e-05,115469
107,11.5129254649702,1.02524385737966e-05,182778
658,11.9117015849276,9.37012032885053e-06,151889
16,11.7905572015685,9.06931418771065e-06,87705
1144,11.289781913656,8.35250617056059e-06,80402
638,11.4403547721354,7.4786613688178e-06,152030
178,12.0581525154536,7.3758887637939e-06,206730
262,12.5281561446993,7.21304708153883e-06,157805
608,12.3238556811866,6.84057031953494e-06,261507
715,11.7791285057449,5.94091355757201e-06,251299
733,12.3126823805884,5.2415240563448e-06,302929
1030,11.6784399034478,4.98724367537773e-06,84904
1439,11.9163885704077,4.90096312011453e-06,272107
938,12.4411447677097,4.88504161508715e-06,25308
52,11.6483301019764,4.86432219951224e-06,50827
1086,11.8981878657609,4.76786723026749e-06,164695
96,12.1281111040605,4.69754124667668e-06,241884
471,12.2643415536542,4.62953359097235e-06,101497
496,10.4602421081905,4.49448460271787e-06,77694
994,12.0662357003424,3.99453552199107e-06,35653
364,11.6784399034478,3.9014266920948e-06,224929
849,12.3883942023241,3.78787635667445e-06,25513
1443,12.6443275764613,3.40664063833511e-06,16124
1150,11.870599909242,3.19471840338097e-06,220291
1053,12.0137007528827,2.66792596818183e-06,236021
555,12.5567295171433,2.53556303062758e-06,219167
219,12.6491546172096,2.40392795855062e-06,243511
281,12.3392914893164,2.40254633814821e-06,178034
661,12.1955171315907,2.11674949405429e-06,126097
1340,11.7636841833174,2.08971764386932e-06,166810
667,11.7675676833438,1.97538905844971e-06,227483
737,11.4457167152768,1.90111040127635e-06,1753
759,12.0973732286068,1.8519769544745e-06,275021
1013,12.0137007528827,1.81634052851109e-06,270790
1296,11.8386256046095,1.79595914828135e-06,74587
906,11.7597855429018,1.66059249826105e-06,201337
334,12.2404740722475,1.65711724450458e-06,184657
290,11.9419443260321,1.58906906991947e-06,194002
722,11.870599909242,1.57268866783983e-06,57455
414,11.6526874073454,1.47445626880378e-06,102415
1411,12.3458345879053,1.33772455264396e-06,25045
71,12.4049235042753,1.28637220007063e-06,247679
1211,12.1495022940418,1.2430353264704e-06,192188
1245,12.3458345879053,1.24174366481286e-06,26386
1358,11.9177236840907,1.13281116082396e-06,223582
26,12.4541039123522,1.01266926748789e-06,47077
1413,11.4075649493124,9.76453617351429e-07,140911
835,11.8490404949436,9.47420131550863e-07,245578
1336,12.0311238430656,9.35535593177963e-07,25187
1441,12.1600287070288,8.36981525297036e-07,117557
865,12.4315335097995,8.29107532020671e-07,42840
1145,11.289781913656,8.21134814489203e-07,290856
726,11.6994050319128,8.03961158639603e-07,167201
482,12.8320110763967,8.00388857142136e-07,91860
481,12.6946526603488,7.71858541275338e-07,161906
193,12.1652506510099,7.13487817050912e-07,234032
275,11.7320609948869,6.19998554306864e-07,82969
350,12.9880408147445,6.09461750808219e-07,65705
594,11.8493977015914,5.59090573390027e-07,98097
750,11.4927227576527,4.82053371187568e-07,219640
475,12.4332082181139,4.72014978948031e-07,178891
920,12.0810761553555,4.4491083871351e-07,252589
395,11.5991031612113,4.2982361950212e-07,222706
121,12.1007121298723,4.12717725590971e-07,86112
669,12.0317192583854,4.03629155648556e-07,158320
1381,10.9767820332199,3.50108700495427e-07,231045
174,12.0015054797889,3.47205999225428e-07,214556
1080,11.7440371859336,3.38497708011388e-07,120419
474,12.9945300058944,3.13078639449115e-07,88039
939,12.3875563514251,2.81548331470221e-07,216085
578,12.0106658491876,2.74675716478539e-07,34762
1039,11.4824662574855,2.71038326184181e-07,29367
761,11.7558716435806,2.66271911852443e-07,193196
469,12.4292161968444,2.57172005373837e-07,200294
185,11.7519423654407,2.55005214919408e-07,221431
31,10.5966347330961,2.18874259337822e-07,197693
83,12.4090134895269,1.99856151561883e-07,182014
1056,12.1007121298723,1.96437269586576e-07,25041
1110,12.5425448821514,1.85818469125608e-07,66692
1408,11.6262541502772,1.84698379751551e-07,55681
732,12.1415341243926,1.82582290558218e-07,226811
438,11.6868787720937,1.73579999007823e-07,273110
1435,11.982929094216,1.72076289974233e-07,155874
727,12.3104326608544,1.70379770564978e-07,140636
203,11.6262541502772,1.62084830113867e-07,193584
1148,12.0696800206246,1.60654783893736e-07,244392
229,11.7360690162844,1.4645405805179e-07,154898
1294,12.0008917945901,1.43191840787489e-07,85709
768,11.982929094216,1.31264816129344e-07,203777
956,11.8844890214027,1.19454112390537e-07,119376
441,13.2267233927286,1.1323342300493e-07,118674
710,11.6073261403917,1.1302579466305e-07,284959
1418,12.7367008965923,1.13011342410112e-07,297267
250,12.5317727851695,1.08397186019464e-07,42246
1409,11.740061037554,1.0349903848675e-07,49135
1295,11.6526874073454,9.9677795524102e-08,202810
468,11.8947807074393,9.26429002371384e-08,123035
713,12.1495022940418,9.02224195375999e-08,95206
1019,11.982929094216,8.9710747521829e-08,256917
252,12.3673407931263,8.26191855993581e-08,199413
1100,11.9640010843304,7.80498819076295e-08,293456
1085,12.1415341243926,7.7212470706468e-08,26656
361,11.9576112862317,7.62329386665507e-08,288339
316,12.1468532858702,7.32025722468915e-08,198643
553,12.4509776886259,6.9565032301485e-08,93891
1024,12.1600287070288,6.51844240492552e-08,217183
1065,11.9447078813958,5.83822067700025e-08,179363
383,12.2713921116508,5.57230764824295e-08,131661
879,11.9049675527463,5.36553931875646e-08,137115
1180,11.4403547721354,5.03474703559818e-08,222546
199,11.5521461781235,4.97479201424384e-08,76200
1430,12.116694834379,4.28916638013459e-08,184005
815,11.6613454700885,4.20475398458172e-08,287218
1434,12.136186518066,4.10668255034484e-08,170380
824,11.8458198802436,3.90845282204437e-08,193864
68,12.3282902782544,3.68874274023137e-08,109913
217,12.2548628096996,3.61238445264815e-08,256299
1346,11.5945054519627,3.49718913781114e-08,143184
197,12.6503481262032,3.48289047969976e-08,178372
1253,11.7752897294377,3.28722405951037e-08,300241
232,12.9066918409288,3.03086365256752e-08,175371
1071,11.8130300574206,3.01101454111407e-08,269644
19,11.9766594812024,2.95387941144817e-08,104126
1094,11.8913619006905,2.86924733387484e-08,161236
1084,11.982929094216,2.79107112013406e-08,284353
526,12.0782392740203,2.7444169707501e-08,230225
880,11.8240798936072,2.50802219227758e-08,175821
944,11.870599909242,2.47474084239174e-08,187947
346,11.8508252535826,2.36211860348072e-08,145994
1414,12.4568313638774,2.35036289014214e-08,78446
701,12.6523597481586,2.20802385306371e-08,212605
436,12.2643415536542,2.16061963329452e-08,80482
492,11.7981044072039,2.12260164114536e-08,186672
550,12.4799093111599,2.08402643708037e-08,110683
1315,11.6868787720937,2.03791855418104e-08,119625
493,12.0598033260287,1.9801890685731e-08,294440
150,11.6526874073454,1.9670701728677e-08,147376
263,11.9250351157971,1.96547163888968e-08,234094
1335,11.7360690162844,1.88663551417175e-08,226021
1207,11.580584113444,1.72545202330643e-08,80672
291,12.3597803701244,1.71900581833255e-08,238705
1174,12.2085695257288,1.71437431660269e-08,9101
177,12.2596134124582,1.60860503216806e-08,31611
1347,12.4780063610138,1.56246482852506e-08,250333
1142,12.1934938633233,1.50476423178139e-08,30861
888,11.8167269193019,1.49905079346972e-08,137552
965,12.2779280826306,1.47109329862887e-08,189221
347,11.9283409039316,1.43723811769239e-08,73953
693,12.7218858108072,1.40099421137088e-08,197696
562,12.0435537160324,1.31152321038285e-08,179635
1404,12.5529265202611,1.28818716467038e-08,203129
1265,12.106252310248,1.17753695200372e-08,213236
244,11.6952470217642,1.11603761493583e-08,174106
907,12.4490188241406,1.03376091632992e-08,174982
1249,11.7714361601217,1.01278800528309e-08,182515
473,11.9049675527463,9.50796794978656e-09,131919
1380,12.0287386302473,9.41905795737756e-09,259820
616,11.8313791960888,9.23226181989586e-09,102852
119,12.6760762747759,8.18412291036042e-09,247300
614,11.8981878657609,7.70166392690487e-09,265384
720,11.7636841833174,7.37966703705868e-09,236783
1391,12.3673407931263,7.29132518163722e-09,19637
1422,11.7558716435806,7.16575917846302e-09,146756
1406,12.5245263766487,6.79836043262195e-09,45143
359,11.7752897294377,6.61204583821374e-09,271560
1162,12.3194013308372,6.33123983854379e-09,251887
337,12.8411298019654,6.32731203879874e-09,209482
134,12.3013828253345,6.22935269392947e-09,273874
65,12.2991075114974,5.87702645178741e-09,17853
1442,11.9137129835273,5.25316339334103e-09,96662
106,12.4292161968444,5.00539023554029e-09,230635
617,12.1183337312222,4.84216899238082e-09,9815
1234,11.8635823365834,4.55402680898435e-09,66142
636,12.2060726455302,4.0422797481279e-09,184823
996,11.7084922485142,3.91671424131583e-09,109548
915,12.0652749169136,3.7444531679624e-09,97128
1238,12.1807548375459,3.48664403527094e-09,57959
1427,12.5098740998618,3.31333590685125e-09,60427
1307,12.2184951655287,3.19408687847972e-09,122409
895,11.6856847822605,3.1574030968913e-09,120463
1322,11.1913418408428,3.02470686285718e-09,120329
24,11.7745202026587,2.6717150495595e-09,164739
707,12.618182296357,2.55508945299677e-09,34261
1206,12.5131896306206,2.51853905398651e-09,132810
311,12.0173305209333,2.41292719349984e-09,178967
1388,11.8204101647182,2.39835362176363e-09,297680
2,12.109010932687,2.32848559147584e-09,74516
329,12.2760650173502,2.25851760454551e-09,31137
1386,11.740061037554,2.05577675302187e-09,58443
1124,11.6784399034478,2.04206103043934e-09,42435
1440,12.1909590077201,1.81226048452556e-09,142874
1000,12.2356314477717,1.75494605154467e-09,302645
1373,12.5219776769257,1.53880302348193e-09,163429
731,12.3737034869141,1.51596286552048e-09,204328
648,11.9511803959014,1.47340414491092e-09,149931
72,11.7714361601217,1.44636561480528e-09,107344
278,11.8565151693603,1.4264569805865e-09,250849
611,12.6539584695223,1.42062235407978e-09,72112
836,11.7597855429018,1.38184322685185e-09,294106
390,12.9621946252515,1.35130728426304e-09,15434
801,12.2060726455302,1.34799853867981e-09,275909
724,11.8130300574206,1.34719321631916e-09,194340
1093,11.8240798936072,1.14726896515585e-09,101315
444,12.0581525154536,1.10222740230689e-09,21541
506,11.7320609948869,1.09301543870968e-09,44282
716,12.0137007528827,1.05499070430659e-09,15399
295,12.0257490913989,1.01566890921737e-09,160881
451,11.6082356447746,9.95920100023178e-10,87056
843,12.0719696610067,9.72038181147148e-10,289351
124,11.944058319827,9.50595201230477e-10,190589
756,12.0581525154536,9.43437241369157e-10,277023
398,12.0406082058026,9.39254018579363e-10,113071
233,11.4563551134818,8.67193448046433e-10,49458
818,12.5098740998618,8.37358145281657e-10,51557
706,10.9150884642146,8.25633546178641e-10,89814
1168,12.0610468734799,7.32727468951273e-10,79432
639,11.3504065354725,7.27484084551992e-10,154603
132,12.4049235042753,7.06513911989583e-10,254222
654,11.8130300574206,6.76607366360754e-10,155572
749,12.4699741893166,6.50777938610094e-10,130296
612,11.9049675527463,6.0103052287764e-10,80637
1209,11.8493977015914,5.60197749675416e-10,198086
341,12.2204685258139,5.43593175737847e-10,54962
323,12.614865543731,5.1717133457664e-10,33671
513,11.7745202026587,5.1575108094806e-10,275269
953,11.8048485316793,5.02125517379532e-10,31404
1260,11.9250351157971,5.00010961198765e-10,18002
175,12.1226910365911,4.68901229592794e-10,143805
1020,12.2713452721464,4.5713210056584e-10,264232
1270,11.8775685785581,4.35578920204134e-10,205066
338,12.273731294004,4.35478854183029e-10,64578
1297,11.9511803959014,4.28621742749961e-10,232230
158,12.5043236693312,4.23391711977375e-10,194088
1255,12.0161220615717,4.17229308519728e-10,158990
876,12.623061104073,4.16545781569346e-10,196655
1227,12.273731294004,4.15398514587585e-10,10347
308,11.4019939042629,3.92190516140634e-10,176877
287,11.9766594812024,3.92078763467117e-10,139650
1353,11.8122890421958,3.58791152871401e-10,251998
900,11.8130300574206,3.56623466428652e-10,298081
1201,11.6617764117026,3.56038092973634e-10,230374
452,12.5425448821514,3.54296131568407e-10,204054
1112,12.2307652581205,3.46287065216038e-10,54491
198,12.3673407931263,3.39486269218037e-10,162627
909,11.7829526021833,3.38170453462832e-10,183876
1061,12.2713921116508,3.36540406798357e-10,42857
1121,11.681824001432,3.31829844748921e-10,55893
1059,12.7218858108072,3.25603769049017e-10,283040
387,11.3022044336546,3.05446219577472e-10,198093
257,12.2428866186529,2.98641752560532e-10,50611
78,11.7519423654407,2.86774559004453e-10,14863
721,12.5245263766487,2.72805449083155e-10,241391
674,12.4587749990859,2.6318660060462e-10,214813
788,12.3587937325478,2.62050735818957e-10,155724
543,12.2702204653539,2.60660741821596e-10,78027
517,11.9703503120091,2.59254841589235e-10,249507
282,12.1281111040605,2.56356497146944e-10,276417
448,12.2055725204885,2.54468795234251e-10,187903
725,12.6760762747759,2.53360522045098e-10,58467
985,11.7440371859336,2.43919970912629e-10,49506
663,11.6082356447746,2.21978509563684e-10,34238
817,11.8277362048103,2.18580187877173e-10,283724
708,12.4450895460007,2.1185260707478e-10,119264
393,11.5759002641316,2.04790992765692e-10,149101
1405,11.5617156291397,1.99663606110783e-10,219382
1164,11.5987269436613,1.94363011742418e-10,40648
1314,12.7164021462475,1.89560672126762e-10,37743
863,11.9316357998284,1.85373471421937e-10,4191
1129,12.2783933071098,1.76300252215825e-10,53973
443,12.0008917945901,1.69698275240242e-10,1707
545,12.0988492847421,1.69594651644539e-10,84595
1390,11.7829526021833,1.69216051110689e-10,23479
256,12.3458345879053,1.64038404006813e-10,34501
408,12.083905011556,1.56472485780362e-10,135628
805,11.6784399034478,1.54400744323957e-10,26577
777,12.3081778684673,1.47281476628511e-10,17451
1231,12.1547793511426,1.45949673611303e-10,61952
77,11.8185702377962,1.45021632246078e-10,185425
8,12.2060726455302,1.32217693728343e-10,268664
454,12.2548628096996,1.27386099078064e-10,260239
1002,11.3621025752356,1.2504317357015e-10,67005
744,12.0725412529057,1.24667192168522e-10,147563
357,12.0610468734799,1.19608767580794e-10,244975
531,12.0725412529057,1.19215772722699e-10,100394
625,12.0146094308189,1.18596510563602e-10,1341
977,11.3562716549249,1.17015672050686e-10,113322
1378,11.6699292137799,1.12461098620536e-10,125313
942,12.273731294004,1.07575272076391e-10,18685
410,12.7359653320134,1.02800714088894e-10,235278
1216,11.7360690162844,1.02681047181941e-10,179825
1366,12.2830336866663,1.01797249007347e-10,263486
73,12.1281111040605,9.69606253653042e-11,206047
407,11.6526874073454,8.7347463198272e-11,303118
264,11.7752897294377,8.54806308818483e-11,149612
294,12.3673407931263,8.38414368668914e-11,133535
520,12.3630763943398,8.22895221200724e-11,10633
242,11.6127707999399,7.99746246150999e-11,151850
51,12.083905011556,7.97320849667715e-11,222382
59,12.9917534274931,7.71370170021841e-11,102046
741,11.7905572015685,7.55899253778064e-11,44533
472,12.1547793511426,7.23021956657512e-11,253496
225,12.8642401071941,7.08996012425519e-11,146922
569,12.665394426429,6.97070823245687e-11,271105
131,12.3282902782544,6.9647420467477e-11,174908
862,11.7867621306,6.77762734046217e-11,155053
563,11.5898865061064,6.44815216907789e-11,46447
571,11.8677987869623,6.42370902632976e-11,246320
1264,12.1034860567551,6.40774752804985e-11,276763
898,11.8702711838891,6.32956298076982e-11,222477
353,11.4616321705827,6.29333678408415e-11,277307
439,11.4114462960204,6.04529989473354e-11,204947
1424,12.5244172797888,6.02711395498515e-11,20243
1165,12.1756134380455,5.74884872386993e-11,169612
856,11.7519423654407,5.69826124802529e-11,23765
675,11.8493977015914,5.67591014740401e-11,254759
984,12.4525420221479,5.64889582563059e-11,6947
811,12.106252310248,5.5977298319615e-11,288733
1268,12.8439713518596,5.54274345798508e-11,262560
833,12.3758154201173,5.14403243678486e-11,198444
758,11.9760303525248,5.00198249138941e-11,46995
450,11.6952470217642,4.94166058037413e-11,150215
1368,11.7519423654407,4.83204952999954e-11,272971
1362,12.4684369099977,4.80849321175782e-11,55443
1354,12.9239124386805,4.77657993145955e-11,182293
76,11.418614785499,4.71174457488419e-11,88008
462,11.9511803959014,4.70824466906353e-11,77674
489,11.982929094216,4.65095660307723e-11,1424
753,12.2876526325226,4.64643744653294e-11,284897
1350,11.7117763237154,4.55790872279346e-11,61600
1283,11.9217183631711,4.46338800666739e-11,220760
1261,12.106252310248,4.3048078841273e-11,34507
458,12.4529327234617,4.26099378917839e-11,26714
890,11.9150516718129,4.24819681184705e-11,234031
373,11.7360690162844,4.24373730014698e-11,135523
1289,12.5353763926728,4.23337869020942e-11,223814
781,12.0782392740203,4.14412542716165e-11,121510
936,11.2885311317544,4.03403612036721e-11,90466
1126,11.6526874073454,3.90119346604631e-11,157783
974,12.1117619660589,3.66811214613039e-11,203519
389,12.1600287070288,3.64329564782871e-11,25494
610,11.6826682395573,3.63299071638844e-11,7669
940,12.4065615062796,3.37178967019402e-11,276961
1074,11.979799201207,3.34138125096924e-11,22726
57,12.0581525154536,3.18580196384676e-11,141385
778,11.8670972786908,3.09146559691543e-11,259861
344,12.4912515877638,3.05704659935404e-11,259145
61,11.9703503120091,2.93725317221439e-11,244844
222,12.2060726455302,2.82485253364419e-11,22512
1359,12.0867258878976,2.80220562349458e-11,92599
1398,11.8313791960888,2.65203152423729e-11,82260
1306,12.6915804613119,2.59571457860443e-11,288449
1274,12.083905011556,2.52315971042672e-11,15601
33,12.1001564199386,2.50126152681458e-11,88424
524,12.1267588388104,2.48257092607024e-11,241061
1047,13.2295679916666,2.3830532613696e-11,186496
1342,11.9511803959014,2.27367059994627e-11,44201
892,12.0581525154536,2.26180975813972e-11,121427
1166,12.359523080243,2.04434553118783e-11,12722
212,12.1335019526953,2.04298459218963e-11,150245
331,11.6868787720937,1.96565655480409e-11,256819
587,11.7752897294377,1.72581228360539e-11,272894
312,11.7905572015685,1.71379680842579e-11,55467
470,12.1388638958367,1.68784779073599e-11,207182
754,12.5263429075751,1.59834681143822e-11,74308
846,12.0494188354848,1.57299999318211e-11,239635
969,10.5427063910705,1.5610943217582e-11,154552
884,11.6826682395573,1.53381176157258e-11,33218
714,11.7675676833438,1.52822371678341e-11,19609
950,12.1934938633233,1.41173216311325e-11,59073
626,11.982929094216,1.36937301375224e-11,181297
583,11.6826682395573,1.34134275964088e-11,156163
9,11.7745202026587,1.34014975498926e-11,106895
214,11.9576112862317,1.29809228526918e-11,222577
683,12.0610468734799,1.29670906799634e-11,153301
58,12.1884177102915,1.28951137364634e-11,174340
783,12.1393985122622,1.16578489819073e-11,58257
656,11.3850920934603,1.15248077668001e-11,89024
39,11.5991031612113,1.11722149044162e-11,138775
402,12.0136401449855,1.07477676406448e-11,144631
986,11.7360690162844,1.07373669315105e-11,127551
1370,12.3544926506484,9.69172481611212e-12,115674
1175,12.3842188309136,9.43960593701345e-12,98678
1325,11.8981878657609,9.42001532163585e-12,87567
1006,11.9177236840907,9.10833731227804e-12,54955
328,11.8862116747142,8.29945114320027e-12,180639
540,12.5135573452781,8.24540853814112e-12,242206
82,11.9414558460094,8.24405637770793e-12,17649
449,11.6910716503537,7.89516059473525e-12,51300
1355,12.3673407931263,7.75032218740323e-12,81656
1321,11.9608112889623,7.74688556558354e-12,131916
56,12.1034860567551,7.66312930996840e-12,242526
1308,11.8350089641393,7.55027988493174e-12,63070
1259,12.1547793511426,7.47980532720918e-12,34786
1104,11.979799201207,7.23837772990604e-12,250008
386,12.1652506510099,7.21843193494588e-12,161794
1208,12.2060726455302,6.90080241831598e-12,146802
412,11.8844890214027,6.74575240235203e-12,113413
838,11.5129254649702,6.71863902717532e-12,110232
1415,12.2404740722475,6.42159555859161e-12,242256
1213,11.6351430976945,6.41727293903365e-12,215623
967,11.982929094216,6.10012135765949e-12,62220
1102,11.6910716503537,6.05684166765418e-12,86029
163,12.3013828253345,5.97223891337235e-12,129432
1078,11.8407893270548,5.823160311672e-12,84849
1158,12.3458345879053,5.69509041488478e-12,195932
1224,11.8342840637814,5.19520026409049e-12,246713
1361,12.1495022940418,5.00744947919187e-12,145426
544,11.7981044072039,4.99308055986049e-12,104453
215,11.9938072123631,4.89874940146001e-12,44445
247,11.8277362048103,4.88549112477351e-12,288019
525,12.6627060402127,4.81683878052602e-12,76841
15,11.9640010843304,4.73140553104575e-12,158101
146,11.7752897294377,4.52391863419642e-12,235848
289,11.7117763237154,4.50832967255959e-12,19997
111,11.8270060112765,4.44478994964273e-12,187191
267,12.1281111040605,4.42255613997177e-12,298135
1276,11.8277362048103,4.21939663894735e-12,287550
1128,12.4645833406817,4.21379308689891e-12,255517
738,12.3879774488278,4.20845648282972e-12,248052
302,12.4950039373824,4.11529984305963e-12,7260
98,11.4589971229447,4.10283726482296e-12,290626
1243,12.0435537160324,3.9364014165345e-12,78980
40,11.3144745262464,3.93393661340674e-12,46289
873,11.6613454700885,3.80887330500647e-12,167965
1044,12.4771679143776,3.64583653850236e-12,113075
49,11.6351430976945,3.59372521875983e-12,68330
630,12.0346910287746,3.5621377464201e-12,187528
1299,11.982929094216,3.42389837532735e-12,201113
1275,11.8422292121128,3.36464571417892e-12,24628
1280,11.1331281036106,3.31558593099953e-12,129034
804,13.2758275359155,3.29549711268108e-12,159160
591,12.1329641737095,3.21249250401095e-12,238854
602,11.8565151693603,3.18475942419134e-12,33140
20,11.8422292121128,3.08914161155939e-12,178204
1178,11.6526874073454,2.98954320543389e-12,75041
535,12.0895388292742,2.94625184132826e-12,159437
785,11.7597855429018,2.88524651083541e-12,184781
1360,12.6603279178078,2.84394265065709e-12,272903
1160,12.1281111040605,2.83271057254608e-12,235278
380,12.0951410848229,2.7747715370228e-12,86440
1319,12.5245263766487,2.69687384743841e-12,260789
1021,12.0782392740203,2.66321948435617e-12,27714
384,11.2384886192685,2.64090313905243e-12,196889
1177,11.6910716503537,2.5636206960501e-12,206135
1149,11.6690741474602,2.54030733449056e-12,124963
429,12.1828040185908,2.46690108801696e-12,135228
430,12.0725412529057,2.42985053751698e-12,296440
935,12.3966930051388,2.41832375835421e-12,65613
615,11.2318879352371,2.3990223877982e-12,210192
1135,12.0376539939052,2.39060931750308e-12,102749
1402,12.170445467887,2.35842368902499e-12,284053
1,12.247694320221,2.35484396951541e-12,104734
814,11.9697172002437,2.32861029302641e-12,30316
152,12.8277291949399,2.26587465471369e-12,132409
1263,11.9922604216448,2.14967832977362e-12,32389
187,12.0610468734799,2.14141625696357e-12,193858
1254,12.5913350463208,2.13860934444324e-12,163035
100,11.7671800113095,2.06895519613051e-12,293947
416,12.1069923678295,2.06744907768794e-12,98055
306,12.631013530139,2.0636288849385e-12,38126
512,12.2193096485622,2.00385257904397e-12,195677
576,11.6826682395573,1.87405432075242e-12,236667
650,11.3445068133453,1.81500963416636e-12,53954
1292,11.6910716503537,1.79772213479097e-12,192709
878,12.7656884334656,1.7582220500912e-12,61378
595,11.6082356447746,1.73977853721514e-12,110185
932,11.6741936125664,1.73342762380931e-12,292107
181,12.083905011556,1.70913736420204e-12,58669
998,12.1281111040605,1.70880467347476e-12,149501
86,12.4684369099977,1.67013962786651e-12,187478
774,11.6483301019764,1.66628252632817e-12,209052
442,11.6784399034478,1.63089567996407e-12,160368
375,12.2991075114974,1.62327622681037e-12,205165
503,11.8493977015914,1.59797116117392e-12,280346
668,12.173032791452,1.57300705487188e-12,295220
176,12.4008167223227,1.51715298104027e-12,211442
44,11.7772109596156,1.51123634598339e-12,204125
1218,12.343466568969,1.51037793947299e-12,88209
1133,11.6741936125664,1.50626186793313e-12,9871
446,11.7558716435806,1.50595428610746e-12,237645
42,12.0435537160324,1.47771736815426e-12,480
317,12.4684369099977,1.46507859824435e-12,215951
307,12.3238556811866,1.45419629734889e-12,71138
1416,12.0776709307256,1.4537043905848e-12,222140
589,11.870599909242,1.44668709539279e-12,134701
319,12.4684369099977,1.41308677885614e-12,225952
923,12.0434948907728,1.41203096197639e-12,151690
930,12.3104326608544,1.36815498205736e-12,67873
1383,11.9640010843304,1.33016418538316e-12,136569
682,11.9793853224676,1.21801900842885e-12,254359
34,12.0167264737993,1.20089361732573e-12,298116
431,11.3551013797767,1.15920871717971e-12,71571
1127,12.0668105781967,1.15329130122531e-12,115745
786,11.9922604216448,1.14820877900394e-12,208927
993,12.1388638958367,1.12378364811137e-12,97700
460,11.6082356447746,1.1173689307493e-12,80322
240,11.6351430976945,1.08107821896983e-12,226772
415,12.3371009079366,1.06164609664306e-12,5271
218,11.580584113444,1.05299761864218e-12,2598
867,12.4248064883557,1.04096723869035e-12,150011
245,12.2307652581205,9.83910537891578e-13,153337
881,11.9640010843304,9.49623745551648e-13,286336
1192,12.0668105781967,9.46308453220327e-13,275665
1310,12.096257779523,9.23797160330484e-13,202931
280,12.1652506510099,9.00777586233792e-13,131567
792,11.8968263951626,8.9445444127897e-13,105433
29,12.2428866186529,8.88997473790822e-13,151199
755,11.9576112862317,8.88124693532749e-13,179028
523,11.9766594812024,8.82562334964049e-13,18986
1403,12.1749895321164,8.57144222007512e-13,128776
498,12.1226910365911,8.49642034444063e-13,269147
352,12.1547793511426,8.1814378253272e-13,193927
1400,11.8310154935934,8.16633295188563e-13,54280
1153,12.3458345879053,8.15563840096428e-13,276021
1147,12.1007121298723,8.04503258904366e-13,12004
1339,12.2060726455302,8.02492968678901e-13,115630
1026,11.6307085006266,7.83908075015824e-13,219859
1222,11.805595078933,7.77644477019743e-13,264815
870,12.3715870840077,7.67755293042958e-13,278152
976,12.0137007528827,7.64805828586307e-13,258041
126,11.3445068133453,7.59385226666313e-13,151670
735,11.5898865061064,7.4798852630175e-13,120592
1229,12.8139178962537,7.42031612210017e-13,220399
973,11.5079129231467,7.41874183801595e-13,94286
1029,11.5617156291397,7.41117316943337e-13,78493
1394,12.0015054797889,7.38046055685847e-13,182670
558,11.5898865061064,7.32422177168995e-13,285212
978,12.2055725204885,7.29897815352988e-13,115606
268,12.0979304869105,7.15735787192709e-13,161669
593,11.8350089641393,7.14679827687545e-13,260318
711,10.8589989975636,7.10080283125395e-13,70091
651,12.2353886998642,6.93674352211e-13,147255
459,11.9891596439666,6.83365655750443e-13,61602
780,11.8130300574206,6.73781012526504e-13,82012
588,11.8277362048103,6.68712347824478e-13,49599
1186,11.5607627943844,6.65642087341113e-13,219093
773,11.580584113444,6.62795842835977e-13,14101
1433,11.0744205027839,6.53623683907053e-13,128428
1248,12.04296530766,6.37738525527898e-13,52648
85,12.0346910287746,6.17558955268002e-13,10828
46,12.6757637259376,6.16376625584865e-13,296996
853,12.0076217068063,5.94321598327942e-13,101507
634,11.8451027773086,5.90611568923281e-13,189210
423,11.6351430976945,5.82948325894095e-13,143657
673,12.0137007528827,5.67856660199644e-13,197371
624,12.0346910287746,5.51031486242381e-13,72213
303,12.2307652581205,5.38638207060258e-13,204103
903,12.1007121298723,5.37333315919532e-13,237027
1143,12.9595385187621,5.34224150408329e-13,10644
601,12.5245263766487,5.33557416654829e-13,194485
982,12.7248664389453,5.24792671844983e-13,300529
433,11.7158663089669,5.19482285980915e-13,161869
1060,12.3013828253345,5.08376825262703e-13,61825
194,11.7752897294377,5.03916192567949e-13,209733
1141,11.8422292121128,5.02215650120449e-13,209998
1107,12.1001564199386,4.91827165538951e-13,15072
574,12.0435537160324,4.86992775464368e-13,112277
577,11.8844890214027,4.79707489458101e-13,264326
691,11.8565151693603,4.7348523550596e-13,235012
567,12.6915804613119,4.59534377836527e-13,37180
813,10.9329819619041,4.50448013520622e-13,281589
899,13.3239269468631,4.30238802945976e-13,269326
1066,12.7007688873663,4.09558113861204e-13,224487
298,12.3842188309136,4.05562607842924e-13,72991
631,11.7280368445872,3.93379388140129e-13,90145
515,11.4772982873271,3.90065969960826e-13,128435
1215,11.809319478024,3.89736033651701e-13,219842
320,12.1415341243926,3.86582036119533e-13,7931
966,12.0945822694968,3.82319922911697e-13,34239
1372,12.0167264737993,3.76852635920663e-13,54115
1113,11.7745202026587,3.71457569497585e-13,233708
647,11.4957793061353,3.64531819953583e-13,231590
418,12.3842188309136,3.60758241579852e-13,99230
1025,12.5672374947418,3.51076480435193e-13,121073
1431,12.1659795519637,3.50721457814579e-13,49589
584,12.6915804613119,3.48616225089357e-13,73484
406,11.9183905730784,3.465174636554e-13,41638
508,12.2467346272491,3.42916550542789e-13,286947
694,11.5943211031742,3.38446723294965e-13,179532
719,12.7396377562657,3.35922087890644e-13,9959
568,12.273731294004,3.34532036076997e-13,145457
964,12.3842188309136,3.34515829710875e-13,53980
476,11.7943379244084,3.31343369775332e-13,20769
1271,12.4684369099977,3.13471454561327e-13,27418
560,12.3630763943398,3.13328813677958e-13,21706
167,12.1547793511426,3.1227335208871e-13,108755
461,12.4815619372163,3.07168115239195e-13,82901
948,12.5061772379805,3.04946965129688e-13,189041
1131,11.8130300574206,2.91689196568339e-13,33152
887,11.8844890214027,2.90235754010377e-13,86747
154,12.3673407931263,2.85622443198732e-13,136178
1179,11.950535026405,2.84697112383848e-13,67550
391,11.6868787720937,2.8091279223819e-13,139285
70,12.3238556811866,2.80184037743995e-13,133113
1043,12.1858699382127,2.76533482110773e-13,62512
1423,11.8240798936072,2.67486459997275e-13,159504
1338,10.8685684485797,2.62395022118337e-13,90188
1385,11.5617156291397,2.61136815963942e-13,28009
1290,12.5461099483159,2.54131903192147e-13,133903
11,11.7714361601217,2.52099248349087e-13,25007
604,11.9250351157971,2.48517653255887e-13,126487
36,12.6410965558799,2.48083265604452e-13,269688
35,12.5335762121686,2.37355718239498e-13,167474
807,11.8167269193019,2.36718443392417e-13,237756
345,11.3504065354725,2.33169487489045e-13,296267
692,13.5344730282312,2.32443602173444e-13,230012
655,12.7656884334656,2.32250376487031e-13,236434
983,11.9822726287897,2.25939207785424e-13,128086
1042,12.0610468734799,2.23333599165014e-13,95751
972,12.0610468734799,2.1945387091317e-13,289806
635,11.8775685785581,2.13061220177968e-13,166646
1122,12.2685778508816,2.07663532984774e-13,135737
162,12.9299914847569,2.01229979812401e-13,9467
1287,11.870599909242,2.01175361048178e-13,256408
902,11.9381932003746,1.86428607312419e-13,184368
147,11.5617156291397,1.77128267562802e-13,291125
400,12.3925522124728,1.73064152908567e-13,137017
376,11.0186291431554,1.71389337651548e-13,228485
736,12.0015054797889,1.68474797146606e-13,215827
60,11.7352686961137,1.67807885512768e-13,224001
447,12.1547793511426,1.67356794449117e-13,68853
251,11.2450460198146,1.58801044572933e-13,272785
642,12.3282902782544,1.50829942798258e-13,16772
427,12.5245263766487,1.49986694162604e-13,210358
1010,11.5327280922664,1.49545302122665e-13,132998
1117,12.1232343672212,1.46934035631781e-13,130235
260,11.4824662574855,1.46126880684599e-13,72149
1031,11.982929094216,1.4338046109224e-13,44643
1272,12.13215696258,1.41041335531143e-13,254811
269,11.6994050319128,1.3717186416641e-13,112871
1027,12.0287386302473,1.36777489659731e-13,212235
103,11.6865762053166,1.30445977596501e-13,46367
1393,11.7199396343546,1.2810502841882e-13,112684
1205,11.9414558460094,1.27506719640452e-13,125729
1214,11.8844890214027,1.24077416846814e-13,124295
25,11.9447078813958,1.22997285850136e-13,73181
622,12.3883942023241,1.22298208230122e-13,248718
464,12.1479137313566,1.2016869748927e-13,170205
1185,12.1372583295298,1.19417645920374e-13,302269
891,11.7191262955541,1.16671096875024e-13,23241
641,12.5208833853702,1.09100149886067e-13,152139
643,12.7512996960135,1.08977362963812e-13,105776
943,11.9183905730784,1.0884609098335e-13,18703
336,12.3412589180852,1.04146917764507e-13,77193
765,12.5061772379805,1.03454039052116e-13,159449
949,12.16785143271,1.03430105348283e-13,11361
261,12.0782392740203,1.01269345140303e-13,271934
821,12.1172414318236,1.00466177255199e-13,291974
917,10.4719498091105,9.9112115201693e-14,187847
238,12.1781874420406,9.84590908123655e-14,245385
997,11.8240798936072,9.66708934578996e-14,6848
510,11.7320609948869,9.49695063709566e-14,193099
775,12.8866410438833,9.36403499343213e-14,205190
1046,11.8465364693104,9.29859966003239e-14,281006
592,13.0213268332266,9.20207716162546e-14,122619
213,12.4398712298317,8.97710479584173e-14,264273
1181,12.4292161968444,8.84720064409095e-14,210999
1244,13.0497926845695,8.61373259963941e-14,162822
695,11.8600549960654,8.53855557621997e-14,54821
819,11.9511803959014,8.51175277572577e-14,179617
763,12.2793231072698,8.38413411429833e-14,274650
549,11.7360690162844,8.37911521443983e-14,213140
1197,12.2977854534534,8.36712391547347e-14,230839
1279,12.3758154201173,8.30575970954398e-14,232329
355,11.8493977015914,8.25810451077712e-14,222917
828,12.1495022940418,8.14753519840323e-14,16027
271,12.4912515877638,8.12568097896572e-14,129785
678,11.6036798282387,7.92156059832827e-14,153547
478,12.8479265317026,7.70971165052201e-14,159599
286,12.0118809161657,7.70489532374742e-14,190529
1327,11.2772031314492,7.6539328333307e-14,129255
912,11.8740903141818,7.28179459505175e-14,172548
125,12.106252310248,7.25861338127887e-14,108594
537,12.1441972418121,6.98578650346693e-14,34032
227,12.5776362019627,6.81013038221016e-14,202096
603,12.3013828253345,6.60925229805934e-14,261037
619,12.6597340907337,6.43948099856263e-14,22196
723,11.7320609948869,6.31352508438018e-14,221217
499,11.7752897294377,6.31079136707189e-14,248476
882,12.1415341243926,6.25778487687121e-14,103314
1198,11.8775685785581,6.02166321445036e-14,1169
463,11.0410480813427,5.77716002053075e-14,74697
1184,11.6952470217642,5.59285564813165e-14,236985
1384,11.6262541502772,5.56253988675934e-14,258741
1012,11.5129254649702,5.50208985399348e-14,60469
771,11.8122890421958,5.45095169155574e-14,86333
231,11.9049675527463,5.42196439544654e-14,103713
613,12.4741895624871,5.31505809337112e-14,151618
484,12.0076217068063,5.19676831456491e-14,302415
1189,12.1807548375459,5.11616196049789e-14,172892
689,12.8790171187726,5.06547937373967e-14,49783
1230,11.7519423654407,4.98963582105418e-14,5907
349,11.9447078813958,4.86027057982802e-14,63870
1396,12.546867668291,4.84266438115562e-14,124539
1376,12.3842188309136,4.75341441769106e-14,90690
730,11.5424842672118,4.53896791325025e-14,195614
1285,12.0376539939052,4.47052081229054e-14,137724
381,11.7519423654407,4.44988632700709e-14,267547
377,11.9049675527463,4.30228991900676e-14,192945
1371,11.5617156291397,4.10263009645195e-14,216985
820,12.3194013308372,3.9394719556493e-14,194294
501,11.6351430976945,3.72590320751252e-14,136239
1068,12.0311238430656,3.70678641483652e-14,271440
1004,11.8270425336191,3.64916135100396e-14,130683
1103,11.8130300574206,3.63887675807616e-14,262453
1091,11.4392789248019,3.58779241735317e-14,259181
220,12.0271851854705,3.34795758284144e-14,74527
159,12.4486265903642,3.30606631200924e-14,103609
790,12.1415341243926,3.19903692215314e-14,131870
1221,11.6526874073454,3.19400792211544e-14,65248
740,12.1547793511426,3.1577679067502e-14,113515
93,12.0045682693194,3.13553266328843e-14,204893
1090,12.1909590077201,3.09049580942785e-14,139012
122,11.5129254649702,3.03709582715496e-14,77731
10,11.6784399034478,2.98424603423471e-14,105547
822,11.4403547721354,2.98116866398773e-14,40248
809,11.9826165453777,2.82251786983859e-14,262442
670,11.8313791960888,2.7641862342042e-14,63419
776,11.9953516142145,2.72526577846254e-14,45157
155,11.7360690162844,2.6498326332032e-14,207021
659,11.4876076569859,2.64247490391005e-14,86588
826,12.8609986132699,2.47335969023658e-14,137419
365,12.1547793511426,2.41934084486551e-14,266716
453,12.2258752728264,2.26926927204115e-14,152282
834,12.0257490913989,2.24328154697863e-14,204484
747,12.3715870840077,2.22783789466256e-14,22500
1277,11.9953516142145,2.17775898030514e-14,106963
276,12.2307652581205,2.13629194542758e-14,269452
292,11.8196746001392,2.13416675195795e-14,89032
32,11.9140478236443,2.02365680993089e-14,239345
1155,12.2150323869016,1.96185121348808e-14,192121
564,12.1281111040605,1.95241889525919e-14,12270
41,11.982929094216,1.94444214109851e-14,195679
769,12.2869011981928,1.86017673437298e-14,169628
422,12.2783933071098,1.8217304067676e-14,65716
684,12.5602444592508,1.78654169066774e-14,14898
1298,11.8493977015914,1.73127869259571e-14,210487
1083,12.1652506510099,1.70247879959528e-14,92248
839,11.8775685785581,1.69371279563991e-14,35970
1412,11.8493977015914,1.67342996073137e-14,225205
869,12.0376539939052,1.62663142801256e-14,117158
533,11.5852461265499,1.58774033297608e-14,91482
1191,12.0317192583854,1.53306633969925e-14,208952
1333,11.5129254649702,1.48583379441321e-14,841
739,12.0951410848229,1.4173899431123e-14,121257
182,12.2065725205718,1.39756666330713e-14,143847
110,12.1547793511426,1.39684188399931e-14,37730
534,10.5789797978574,1.37990694272182e-14,150272
868,11.7675676833438,1.32881127144187e-14,294834
677,11.3736633976367,1.28068368791206e-14,152665
606,12.2307652581205,1.27415620514184e-14,114895
253,12.0610468734799,1.25766685502477e-14,71096
913,11.3850920934603,1.24072432465844e-14,273439
925,12.2428866186529,1.21424924660994e-14,60587
866,11.9083402372249,1.18934311590163e-14,289319
784,12.0167264737993,1.17987929720031e-14,244299
1223,11.870599909242,1.17304648881167e-14,243611
709,12.0981533033107,1.1483891109788e-14,236940
1343,12.3392914893164,9.81509231253969e-15,146073
378,12.7367008965923,9.7948018022554e-15,253307
354,11.5702505315895,9.6901809521461e-15,107158
652,11.5898865061064,9.55625337097814e-15,169632
315,12.0895388292742,8.76643082521015e-15,160178
690,12.1792151913603,8.48412702600468e-15,259654
514,11.805595078933,8.08538252025203e-15,169490
681,11.870599909242,7.88184807024284e-15,293039
491,11.6526874073454,7.81912273669437e-15,185724
803,12.1495022940418,7.65657612169169e-15,99646
1395,12.4154336524317,7.58489692483347e-15,232307
139,12.3458345879053,7.57998520972193e-15,74691
548,11.7714361601217,7.45909065755629e-15,68695
585,11.7981044072039,6.23275110481608e-15,197805
424,12.6603279178078,5.95655431930584e-15,290699
823,12.3238556811866,5.83864828021879e-15,284610
1337,11.8130300574206,4.95112261338089e-15,102164
399,11.1124478983731,4.83190303961978e-15,93773
987,11.6699292137799,4.59805532765054e-15,202753
645,12.8236284465392,4.43499004722694e-15,43409
279,12.9367516138114,3.8570167148307e-15,176639
1220,11.4240942512636,3.84777211291749e-15,262636
1063,11.4075649493124,3.81118821022376e-15,260562
1076,12.2991075114974,3.3677782368581e-15,248075
1193,11.7360690162844,3.34477595174165e-15,177087
419,11.7440371859336,3.25361766386328e-15,184287
1421,12.1001564199386,3.17697415167293e-15,275610
358,11.805595078933,3.04158932671642e-15,125988
204,11.9117015849276,2.89473540935284e-15,298986
374,11.7199396343546,2.84524741140148e-15,180905
1286,11.7943379244084,2.61589254370667e-15,108616
676,11.9083402372249,2.35791803490384e-15,72155
1119,11.8493977015914,2.35324504823376e-15,119502
830,11.9009052587374,2.27230691662565e-15,84740
1105,11.5711943730942,2.08702482547885e-15,59366
1123,11.6262541502772,2.03473494941711e-15,169111
1049,11.6526874073454,1.90302582497044e-15,214637
519,12.2596134124582,1.85612685177168e-15,53006
1140,11.8775685785581,1.85028010123769e-15,55226
921,12.2110601870412,1.82564576313064e-15,22198
117,11.8422292121128,1.2009775650845e-15,214662
644,11.9316357998284,1.0709878001275e-15,189537
1301,12.3238556811866,8.49007128779119e-16,290499
403,11.5898865061064,8.15693419406182e-16,155292
1375,12.4292161968444,7.76898974598762e-16,71770
1176,12.5602444592508,7.45890994824228e-16,236841
1055,12.4490188241406,7.30546359596053e-16,226738
92,11.4988265405907,6.62976939238141e-16,272541
518,12.4874851049684,5.8156088707137e-16,57358
80,11.6082356447746,5.68346456320821e-16,204430
1016,12.3327052964635,4.65539475120373e-16,196144
968,11.8130300574206,4.11391448710435e-16,184748
38,11.9381932003746,3.25655624637751e-16,264177
1096,12.0806908119985,2.93370221565564e-16,254402
409,12.5425448821514,2.43729958576779e-16,260755
857,11.8981878657609,2.43538865572644e-16,8980
1332,11.7943379244084,2.37614474052286e-16,136425
1357,11.6082356447746,2.31686831261742e-16,7278
445,12.2548628096996,1.92562230092074e-16,222865
686,12.2428866186529,1.63821382999867e-16,186028
84,11.7479975871497,1.460707889826e-16,4137
397,11.7199396343546,1.22531450622765e-16,39245
889,12.498742259493,1.2138307078815e-16,207315
435,11.3022044336546,8.20087301511025e-17,186807
1320,11.6172854802945,8.10035945792071e-17,76862
800,12.0725412529057,7.82033163862753e-17,50559
596,12.672946381767,3.47751353727812e-17,42320
702,11.8493977015914,2.73262941572602e-17,164387
477,12.2496109475447,2.64844339435799e-17,238297
717,11.979799201207,1.59142983664835e-17,282676
911,11.9466540383513,1.5601372928136e-17,262467
1050,11.3492293722994,1.07577608802526e-17,164822
486,11.8981878657609,3.03521498281252e-18,35964
565,12.498742259493,1.83023270779684e-18,238716
664,11.8313791960888,3.69550451267611e-19,10538
1445,12.0984874348502,NA,NA
1446,11.7675676833438,NA,NA
1447,11.9697172002437,NA,NA
1448,12.3883942023241,NA,NA
1449,11.6262541502772,NA,NA
1450,11.4295438560312,NA,NA
1451,11.8204101647182,NA,NA
1452,12.5675510344332,NA,NA
1453,11.8844890214027,NA,NA
1454,11.3445068133453,NA,NA
1455,12.1281111040605,NA,NA
1456,12.0725412529057,NA,NA
1457,12.2548628096996,NA,NA
1458,12.493129522588,NA,NA
1459,11.8644622310528,NA,NA
1460,11.901583454762,NA,NA
